k_size,n,c,h,kernel,time_ms,gflops,arith_intensity
3,1,32,40,custom,0.00324896,70.915,0.895968
3,1,32,40,biasopt,0.00300992,76.5469,0.895968
3,1,32,40,db,0.00313344,73.5294,0.895968
3,1,32,40,cudnn_nchw,0.012503,18.4275,0.895968
3,1,32,40,cudnn_nhwc,0.0126346,18.2357,0.895968
3,1,32,80,custom,0.00320512,287.54,0.898989
3,1,32,80,biasopt,0.00303136,304.022,0.898989
3,1,32,80,db,0.00315392,292.208,0.898989
3,1,32,80,cudnn_nchw,0.0123389,74.6907,0.898989
3,1,32,80,cudnn_nhwc,0.0140774,65.4664,0.898989
3,1,32,160,custom,0.00410496,898.036,0.899747
3,1,32,160,biasopt,0.00396288,930.233,0.899747
3,1,32,160,db,0.00410624,897.756,0.899747
3,1,32,160,cudnn_nchw,0.0123494,298.507,0.899747
3,1,32,160,cudnn_nhwc,0.0321872,114.53,0.899747
3,1,64,40,custom,0.00323712,142.349,0.895968
3,1,64,40,biasopt,0.00303296,151.931,0.895968
3,1,64,40,db,0.00311616,147.874,0.895968
3,1,64,40,cudnn_nchw,0.0139139,33.1179,0.895968
3,1,64,40,cudnn_nhwc,0.0130486,35.314,0.895968
3,1,64,80,custom,0.00333824,552.147,0.898989
3,1,64,80,biasopt,0.00318464,578.778,0.898989
3,1,64,80,db,0.00333632,552.465,0.898989
3,1,64,80,cudnn_nchw,0.0123904,148.76,0.898989
3,1,64,80,cudnn_nhwc,0.0176538,104.408,0.898989
3,1,64,160,custom,0.00574464,1283.42,0.899747
3,1,64,160,biasopt,0.005632,1309.09,0.899747
3,1,64,160,db,0.00590848,1247.83,0.899747
3,1,64,160,cudnn_nchw,0.0123792,595.58,0.899747
3,1,64,160,cudnn_nhwc,0.062097,118.73,0.899747
3,1,128,40,custom,0.00325632,283.019,0.895968
3,1,128,40,biasopt,0.00306464,300.72,0.895968
3,1,128,40,db,0.00313056,294.388,0.895968
3,1,128,40,cudnn_nchw,0.0121856,75.6303,0.895968
3,1,128,40,cudnn_nhwc,0.0122982,74.9376,0.895968
3,1,128,80,custom,0.00412576,893.508,0.898989
3,1,128,80,biasopt,0.00399168,923.521,0.898989
3,1,128,80,db,0.00410624,897.756,0.898989
3,1,128,80,cudnn_nchw,0.0119706,307.955,0.898989
3,1,128,80,cudnn_nhwc,0.0322355,114.358,0.898989
3,1,128,160,custom,0.0114688,1285.71,0.899747
3,1,128,160,biasopt,0.0106198,1388.5,0.899747
3,1,128,160,db,0.010537,1399.42,0.899747
3,1,128,160,cudnn_nchw,0.0122675,1202,0.899747
3,1,128,160,cudnn_nhwc,0.120445,122.426,0.899747
3,1,256,40,custom,0.00347136,530.973,0.895968
3,1,256,40,biasopt,0.0031744,580.645,0.895968
3,1,256,40,db,0.00329728,559.006,0.895968
3,1,256,40,cudnn_nchw,0.0120013,153.584,0.895968
3,1,256,40,cudnn_nhwc,0.0125133,147.3,0.895968
3,1,256,80,custom,0.00580672,1269.7,0.898989
3,1,256,80,biasopt,0.00566144,1302.28,0.898989
3,1,256,80,db,0.00594944,1239.24,0.898989
3,1,256,80,cudnn_nchw,0.0119699,615.944,0.898989
3,1,256,80,cudnn_nhwc,0.0620448,118.83,0.898989
3,1,256,160,custom,0.018217,1618.89,0.899747
3,1,256,160,biasopt,0.0178352,1653.54,0.899747
3,1,256,160,db,0.0169466,1740.25,0.899747
3,1,256,160,cudnn_nchw,0.0143155,2060.09,0.899747
3,1,256,160,cudnn_nhwc,0.230151,128.138,0.899747
3,2,32,40,custom,0.00323584,142.405,0.89798
3,2,32,40,biasopt,0.00301056,153.061,0.89798
3,2,32,40,db,0.00311104,148.118,0.89798
3,2,32,40,cudnn_nchw,0.0123578,37.2883,0.89798
3,2,32,40,cudnn_nhwc,0.0130326,35.3574,0.89798
3,2,32,80,custom,0.00334848,550.459,0.899494
3,2,32,80,biasopt,0.00319488,576.923,0.899494
3,2,32,80,db,0.00331776,555.556,0.899494
3,2,32,80,cudnn_nchw,0.0123802,148.883,0.899494
3,2,32,80,cudnn_nhwc,0.0168141,109.622,0.899494
3,2,32,160,custom,0.00576512,1278.86,0.899873
3,2,32,160,biasopt,0.005632,1309.09,0.899873
3,2,32,160,db,0.00603136,1222.41,0.899873
3,2,32,160,cudnn_nchw,0.012823,574.965,0.899873
3,2,32,160,cudnn_nhwc,0.0618189,119.265,0.899873
3,2,64,40,custom,0.00324608,283.912,0.89798
3,2,64,40,biasopt,0.00305152,302.013,0.89798
3,2,64,40,db,0.0031232,295.082,0.89798
3,2,64,40,cudnn_nchw,0.0122573,75.188,0.89798
3,2,64,40,cudnn_nhwc,0.0125952,73.1707,0.89798
3,2,64,80,custom,0.00412672,893.3,0.899494
3,2,64,80,biasopt,0.0039936,923.077,0.899494
3,2,64,80,db,0.0041184,895.105,0.899494
3,2,64,80,cudnn_nchw,0.012329,299.003,0.899494
3,2,64,80,cudnn_nhwc,0.0328397,112.254,0.899494
3,2,64,160,custom,0.011287,1306.42,0.899873
3,2,64,160,biasopt,0.0105574,1396.7,0.899873
3,2,64,160,db,0.0104038,1417.32,0.899873
3,2,64,160,cudnn_nchw,0.0132589,1112.13,0.899873
3,2,64,160,cudnn_nhwc,0.117389,125.613,0.899873
3,2,128,40,custom,0.00333824,552.147,0.89798
3,2,128,40,biasopt,0.00318464,578.778,0.89798
3,2,128,40,db,0.00329632,559.169,0.89798
3,2,128,40,cudnn_nchw,0.012064,152.785,0.89798
3,2,128,40,cudnn_nhwc,0.0122851,150.035,0.89798
3,2,128,80,custom,0.00582656,1265.38,0.899494
3,2,128,80,biasopt,0.0056832,1297.3,0.899494
3,2,128,80,db,0.00590848,1247.83,0.899494
3,2,128,80,cudnn_nchw,0.0121958,604.534,0.899494
3,2,128,80,cudnn_nhwc,0.0621773,118.577,0.899494
3,2,128,160,custom,0.0183398,1608.04,0.899873
3,2,128,160,biasopt,0.0177152,1664.74,0.899873
3,2,128,160,db,0.0168877,1746.31,0.899873
3,2,128,160,cudnn_nchw,0.014336,2057.14,0.899873
3,2,128,160,cudnn_nhwc,0.229499,128.503,0.899873
3,2,256,40,custom,0.0039936,923.077,0.89798
3,2,256,40,biasopt,0.0039936,923.077,0.89798
3,2,256,40,db,0.00413696,891.089,0.89798
3,2,256,40,cudnn_nchw,0.0119574,308.293,0.89798
3,2,256,40,cudnn_nhwc,0.016343,225.564,0.89798
3,2,256,80,custom,0.0109478,1346.9,0.899494
3,2,256,80,biasopt,0.0105875,1392.73,0.899494
3,2,256,80,db,0.010015,1472.35,0.899494
3,2,256,80,cudnn_nchw,0.0121856,1210.08,0.899494
3,2,256,80,cudnn_nhwc,0.117514,125.479,0.899494
3,2,256,160,custom,0.0315782,1867.82,0.899873
3,2,256,160,biasopt,0.0320205,1842.02,0.899873
3,2,256,160,db,0.0300429,1963.27,0.899873
3,2,256,160,cudnn_nchw,0.0262963,2242.99,0.899873
3,2,256,160,cudnn_nhwc,0.43991,134.078,0.899873
3,4,32,40,custom,0.00323776,284.641,0.898989
3,4,32,40,biasopt,0.00304128,303.03,0.898989
3,4,32,40,db,0.00311296,296.053,0.898989
3,4,32,40,cudnn_nchw,0.0125338,73.5294,0.898989
3,4,32,40,cudnn_nhwc,0.0125853,73.2284,0.898989
3,4,32,80,custom,0.00412672,893.3,0.899747
3,4,32,80,biasopt,0.00398208,925.747,0.899747
3,4,32,80,db,0.00410592,897.826,0.899747
3,4,32,80,cudnn_nchw,0.0123731,297.936,0.899747
3,4,32,80,cudnn_nhwc,0.0315085,116.997,0.899747
3,4,32,160,custom,0.0112538,1310.28,0.899937
3,4,32,160,biasopt,0.0105555,1396.96,0.899937
3,4,32,160,db,0.0103936,1418.72,0.899937
3,4,32,160,cudnn_nchw,0.0128502,1147.5,0.899937
3,4,32,160,cudnn_nhwc,0.117105,125.918,0.899937
3,4,64,40,custom,0.003328,553.846,0.898989
3,4,64,40,biasopt,0.00316416,582.524,0.898989
3,4,64,40,db,0.00328704,560.748,0.898989
3,4,64,40,cudnn_nchw,0.0124826,147.662,0.898989
3,4,64,40,cudnn_nhwc,0.0127693,144.346,0.898989
3,4,64,80,custom,0.00564224,1306.72,0.899747
3,4,64,80,biasopt,0.00551776,1336.19,0.899747
3,4,64,80,db,0.00580416,1270.26,0.899747
3,4,64,80,cudnn_nchw,0.0124416,592.593,0.899747
3,4,64,80,cudnn_nhwc,0.0612454,120.381,0.899747
3,4,64,160,custom,0.0179302,1644.77,0.899937
3,4,64,160,biasopt,0.017193,1715.31,0.899937
3,4,64,160,db,0.016351,1803.63,0.899937
3,4,64,160,cudnn_nchw,0.0138259,2133.04,0.899937
3,4,64,160,cudnn_nhwc,0.218613,134.902,0.899937
3,4,128,40,custom,0.00388992,947.68,0.898989
3,4,128,40,biasopt,0.00387328,951.751,0.898989
3,4,128,40,db,0.00401408,918.367,0.898989
3,4,128,40,cudnn_nchw,0.0122982,299.75,0.898989
3,4,128,40,cudnn_nhwc,0.0159344,231.349,0.898989
3,4,128,80,custom,0.0106086,1389.96,0.899747
3,4,128,80,biasopt,0.0103014,1431.41,0.899747
3,4,128,80,db,0.00970752,1518.99,0.899747
3,4,128,80,cudnn_nchw,0.012247,1204.01,0.899747
3,4,128,80,cudnn_nhwc,0.118342,124.601,0.899747
3,4,128,160,custom,0.0305562,1930.29,0.899937
3,4,128,160,biasopt,0.0309555,1905.39,0.899937
3,4,128,160,db,0.0288461,2044.73,0.899937
3,4,128,160,cudnn_nchw,0.0254464,2317.91,0.899937
3,4,128,160,cudnn_nhwc,0.430787,136.918,0.899937
3,4,256,40,custom,0.0053248,1384.62,0.898989
3,4,256,40,biasopt,0.00523008,1409.69,0.898989
3,4,256,40,db,0.00549888,1340.78,0.898989
3,4,256,40,cudnn_nchw,0.0119898,614.925,0.898989
3,4,256,40,cudnn_nhwc,0.0292147,252.366,0.898989
3,4,256,80,custom,0.0165683,1779.98,0.899747
3,4,256,80,biasopt,0.0163014,1809.12,0.899747
3,4,256,80,db,0.0151757,1943.32,0.899747
3,4,256,80,cudnn_nchw,0.0138854,2123.89,0.899747
3,4,256,80,cudnn_nhwc,0.221921,132.89,0.899747
3,4,256,160,custom,0.145232,812.249,0.899937
3,4,256,160,biasopt,0.144486,816.442,0.899937
3,4,256,160,db,0.144386,817.01,0.899937
3,4,256,160,cudnn_nchw,0.142998,824.938,0.899937
3,4,256,160,cudnn_nhwc,0.845701,139.488,0.899937
3,8,32,40,custom,0.00309248,596.027,0.899494
3,8,32,40,biasopt,0.00293888,627.178,0.899494
3,8,32,40,db,0.00303872,606.571,0.899494
3,8,32,40,cudnn_nchw,0.0125235,147.179,0.899494
3,8,32,40,cudnn_nhwc,0.0126771,145.396,0.899494
3,8,32,80,custom,0.0053648,1374.29,0.899873
3,8,32,80,biasopt,0.00523488,1408.4,0.899873
3,8,32,80,db,0.00543744,1355.93,0.899873
3,8,32,80,cudnn_nchw,0.0127814,576.836,0.899873
3,8,32,80,cudnn_nhwc,0.0562253,131.13,0.899873
3,8,32,160,custom,0.0173363,1701.12,0.899968
3,8,32,160,biasopt,0.0164432,1793.52,0.899968
3,8,32,160,db,0.0157184,1876.22,0.899968
3,8,32,160,cudnn_nchw,0.0131907,2235.75,0.899968
3,8,32,160,cudnn_nhwc,0.210278,140.248,0.899968
3,8,64,40,custom,0.0036864,1000,0.899494
3,8,64,40,biasopt,0.0036864,1000,0.899494
3,8,64,40,db,0.00383072,962.326,0.899494
3,8,64,40,cudnn_nchw,0.0124938,295.059,0.899494
3,8,64,40,cudnn_nhwc,0.015145,243.408,0.899494
3,8,64,80,custom,0.0103507,1424.6,0.899873
3,8,64,80,biasopt,0.00980992,1503.13,0.899873
3,8,64,80,db,0.00935936,1575.49,0.899873
3,8,64,80,cudnn_nchw,0.0127898,1152.92,0.899873
3,8,64,80,cudnn_nhwc,0.1105,133.445,0.899873
3,8,64,160,custom,0.0295098,1998.74,0.899968
3,8,64,160,biasopt,0.02944,2003.48,0.899968
3,8,64,160,db,0.0278742,2116.02,0.899968
3,8,64,160,cudnn_nchw,0.0242714,2430.12,0.899968
3,8,64,160,cudnn_nhwc,0.408071,144.539,0.899968
3,8,128,40,custom,0.00507904,1451.61,0.899494
3,8,128,40,biasopt,0.00499712,1475.41,0.899494
3,8,128,40,db,0.00526176,1401.2,0.899494
3,8,128,40,cudnn_nchw,0.01248,590.769,0.899494
3,8,128,40,cudnn_nhwc,0.0286493,257.347,0.899494
3,8,128,80,custom,0.0157491,1872.56,0.899873
3,8,128,80,biasopt,0.015575,1893.49,0.899873
3,8,128,80,db,0.0144979,2034.17,0.899873
3,8,128,80,cudnn_nchw,0.0132301,2229.1,0.899873
3,8,128,80,cudnn_nhwc,0.21431,137.61,0.899873
3,8,128,160,custom,0.144691,815.287,0.899968
3,8,128,160,biasopt,0.144108,818.589,0.899968
3,8,128,160,db,0.144169,818.24,0.899968
3,8,128,160,cudnn_nchw,0.142828,825.925,0.899968
3,8,128,160,cudnn_nhwc,0.81286,145.123,0.899968
3,8,256,40,custom,0.00944032,1561.98,0.899494
3,8,256,40,biasopt,0.00889696,1657.38,0.899494
3,8,256,40,db,0.0087232,1690.39,0.899494
3,8,256,40,cudnn_nchw,0.0121651,1212.12,0.899494
3,8,256,40,cudnn_nhwc,0.0501248,294.178,0.899494
3,8,256,80,custom,0.0267878,2201.83,0.899873
3,8,256,80,biasopt,0.0277094,2128.6,0.899873
3,8,256,80,db,0.0245574,2401.81,0.899873
3,8,256,80,cudnn_nchw,0.0243098,2426.28,0.899873
3,8,256,80,cudnn_nhwc,0.411208,143.437,0.899873
3,8,256,160,custom,0.284692,828.719,0.899968
3,8,256,160,biasopt,0.28416,830.27,0.899968
3,8,256,160,db,0.28449,829.307,0.899968
3,8,256,160,cudnn_nchw,0.282687,834.597,0.899968
3,8,256,160,cudnn_nhwc,1.60591,146.913,0.899968
3,16,32,40,custom,0.00370624,994.647,0.899747
3,16,32,40,biasopt,0.00589728,625.102,0.899747
3,16,32,40,db,0.00381952,965.147,0.899747
3,16,32,40,cudnn_nchw,0.0124928,295.082,0.899747
3,16,32,40,cudnn_nhwc,0.0149581,246.449,0.899747
3,16,32,80,custom,0.0103322,1427.16,0.899937
3,16,32,80,biasopt,0.00979968,1504.7,0.899937
3,16,32,80,db,0.00935936,1575.49,0.899937
3,16,32,80,cudnn_nchw,0.0128717,1145.58,0.899937
3,16,32,80,cudnn_nhwc,0.108298,136.157,0.899937
3,16,32,160,custom,0.0298291,1977.34,0.899984
3,16,32,160,biasopt,0.0295424,1996.53,0.899984
3,16,32,160,db,0.0280576,2102.19,0.899984
3,16,32,160,cudnn_nchw,0.0242483,2432.43,0.899984
3,16,32,160,cudnn_nhwc,0.410767,143.591,0.899984
3,16,64,40,custom,0.0050688,1454.55,0.899747
3,16,64,40,biasopt,0.00502784,1466.4,0.899747
3,16,64,40,db,0.00525216,1403.77,0.899747
3,16,64,40,cudnn_nchw,0.0125462,587.65,0.899747
3,16,64,40,cudnn_nhwc,0.0273808,269.269,0.899747
3,16,64,80,custom,0.0159328,1850.97,0.899937
3,16,64,80,biasopt,0.0156262,1887.29,0.899937
3,16,64,80,db,0.0144896,2035.34,0.899937
3,16,64,80,cudnn_nchw,0.0132912,2218.85,0.899937
3,16,64,80,cudnn_nhwc,0.212837,138.562,0.899937
3,16,64,160,custom,0.144712,815.171,0.899984
3,16,64,160,biasopt,0.144099,818.636,0.899984
3,16,64,160,db,0.144168,818.244,0.899984
3,16,64,160,cudnn_nchw,0.142838,825.866,0.899984
3,16,64,160,cudnn_nhwc,0.805519,146.446,0.899984
3,16,128,40,custom,0.00943104,1563.52,0.899747
3,16,128,40,biasopt,0.00890656,1655.59,0.899747
3,16,128,40,db,0.00869376,1696.11,0.899747
3,16,128,40,cudnn_nchw,0.0127091,1160.24,0.899747
3,16,128,40,cudnn_nhwc,0.0517094,285.163,0.899747
3,16,128,80,custom,0.0266339,2214.56,0.899937
3,16,128,80,biasopt,0.0276685,2131.75,0.899937
3,16,128,80,db,0.024487,2408.72,0.899937
3,16,128,80,cudnn_nchw,0.0243008,2427.18,0.899937
3,16,128,80,cudnn_nhwc,0.419471,140.611,0.899937
3,16,128,160,custom,0.284741,828.576,0.899984
3,16,128,160,biasopt,0.284179,830.216,0.899984
3,16,128,160,db,0.284509,829.25,0.899984
3,16,128,160,cudnn_nchw,0.282675,834.631,0.899984
3,16,128,160,cudnn_nhwc,1.61878,145.746,0.899984
3,16,256,40,custom,0.0141926,2077.92,0.899747
3,16,256,40,biasopt,0.0138752,2125.46,0.899747
3,16,256,40,db,0.0142438,2070.45,0.899747
3,16,256,40,cudnn_nchw,0.0136912,2154.03,0.899747
3,16,256,40,cudnn_nhwc,0.0959488,307.364,0.899747
3,16,256,80,custom,0.144772,814.832,0.899937
3,16,256,80,biasopt,0.144138,818.414,0.899937
3,16,256,80,db,0.144643,815.557,0.899937
3,16,256,80,cudnn_nchw,0.14295,825.215,0.899937
3,16,256,80,cudnn_nhwc,0.812165,145.247,0.899937
3,16,256,160,custom,0.565288,834.724,0.899984
3,16,256,160,biasopt,0.563927,836.738,0.899984
3,16,256,160,db,0.563681,837.103,0.899984
3,16,256,160,cudnn_nchw,0.562647,838.642,0.899984
3,16,256,160,cudnn_nhwc,3.21263,146.876,0.899984
3,32,32,40,custom,0.00509728,1446.42,0.899873
3,32,32,40,biasopt,0.00502784,1466.4,0.899873
3,32,32,40,db,0.00527072,1398.82,0.899873
3,32,32,40,cudnn_nchw,0.0129229,570.523,0.899873
3,32,32,40,cudnn_nhwc,0.0279946,263.365,0.899873
3,32,32,80,custom,0.0162602,1813.71,0.899968
3,32,32,80,biasopt,0.015657,1883.58,0.899968
3,32,32,80,db,0.0146512,2012.89,0.899968
3,32,32,80,cudnn_nchw,0.0132198,2230.83,0.899968
3,32,32,80,cudnn_nhwc,0.209439,140.811,0.899968
3,32,32,160,custom,0.144681,815.344,0.899992
3,32,32,160,biasopt,0.144106,818.598,0.899992
3,32,32,160,db,0.144118,818.531,0.899992
3,32,32,160,cudnn_nchw,0.142848,825.806,0.899992
3,32,32,160,cudnn_nhwc,0.811223,145.416,0.899992
3,32,64,40,custom,0.00948096,1555.29,0.899873
3,32,64,40,biasopt,0.00892928,1651.38,0.899873
3,32,64,40,db,0.00869376,1696.11,0.899873
3,32,64,40,cudnn_nchw,0.0128403,1148.38,0.899873
3,32,64,40,cudnn_nhwc,0.0494054,298.461,0.899873
3,32,64,80,custom,0.0268269,2198.63,0.899968
3,32,64,80,biasopt,0.0276173,2135.71,0.899968
3,32,64,80,db,0.024568,2400.78,0.899968
3,32,64,80,cudnn_nchw,0.0243203,2425.23,0.899968
3,32,64,80,cudnn_nhwc,0.415232,142.047,0.899968
3,32,64,160,custom,0.284652,828.837,0.899992
3,32,64,160,biasopt,0.28417,830.241,0.899992
3,32,64,160,db,0.284529,829.195,0.899992
3,32,64,160,cudnn_nchw,0.282665,834.662,0.899992
3,32,64,160,cudnn_nhwc,1.60676,146.836,0.899992
3,32,128,40,custom,0.0142234,2073.43,0.899873
3,32,128,40,biasopt,0.0138752,2125.46,0.899873
3,32,128,40,db,0.0142227,2073.53,0.899873
3,32,128,40,cudnn_nchw,0.0136704,2157.3,0.899873
3,32,128,40,cudnn_nhwc,0.0983635,299.818,0.899873
3,32,128,80,custom,0.144825,814.534,0.899968
3,32,128,80,biasopt,0.144189,818.124,0.899968
3,32,128,80,db,0.144588,815.868,0.899968
3,32,128,80,cudnn_nchw,0.14292,825.392,0.899968
3,32,128,80,cudnn_nhwc,0.828559,142.373,0.899968
3,32,128,160,custom,0.565258,834.767,0.899992
3,32,128,160,biasopt,0.564716,835.57,0.899992
3,32,128,160,db,0.563773,836.966,0.899992
3,32,128,160,cudnn_nchw,0.562688,838.581,0.899992
3,32,128,160,cudnn_nhwc,3.23569,145.83,0.899992
3,32,256,40,custom,0.0250982,2350.06,0.899873
3,32,256,40,biasopt,0.024791,2379.18,0.899873
3,32,256,40,db,0.0254157,2320.71,0.899873
3,32,256,40,cudnn_nchw,0.0253338,2328.21,0.899873
3,32,256,40,cudnn_nhwc,0.187426,314.698,0.899873
3,32,256,80,custom,0.284948,827.973,0.899968
3,32,256,80,biasopt,0.284416,829.523,0.899968
3,32,256,80,db,0.284887,828.151,0.899968
3,32,256,80,cudnn_nchw,0.282921,833.906,0.899968
3,32,256,80,cudnn_nhwc,1.61428,146.151,0.899968
3,32,256,160,custom,1.12505,838.825,0.899992
3,32,256,160,biasopt,1.12397,839.63,0.899992
3,32,256,160,db,1.12337,840.078,0.899992
3,32,256,160,cudnn_nchw,1.12221,840.944,0.899992
3,32,256,160,cudnn_nhwc,6.42145,146.963,0.899992
5,1,32,40,custom,0.00462848,138.274,2.46914
5,1,32,40,biasopt,0.0044544,143.678,2.46914
5,1,32,40,db,0.004608,138.889,2.46914
5,1,32,40,cudnn_nchw,0.0129638,49.3681,2.46914
5,1,32,40,cudnn_nhwc,0.0126976,50.4032,2.46914
5,1,32,80,custom,0.00463872,551.876,2.49221
5,1,32,80,biasopt,0.00446624,573.189,2.49221
5,1,32,80,db,0.00461824,554.324,2.49221
5,1,32,80,cudnn_nchw,0.0129331,197.941,2.49221
5,1,32,80,cudnn_nhwc,0.0192384,133.067,2.49221
5,1,32,160,custom,0.00569376,1798.46,2.49805
5,1,32,160,biasopt,0.0056144,1823.88,2.49805
5,1,32,160,db,0.00592896,1727.12,2.49805
5,1,32,160,cudnn_nchw,0.0124314,823.723,2.49805
5,1,32,160,cudnn_nhwc,0.0679424,150.716,2.49805
5,1,64,40,custom,0.00464896,275.33,2.46914
5,1,64,40,biasopt,0.00447488,286.041,2.46914
5,1,64,40,db,0.004608,277.778,2.46914
5,1,64,40,cudnn_nchw,0.0156669,81.701,2.46914
5,1,64,40,cudnn_nhwc,0.0141619,90.3832,2.46914
5,1,64,80,custom,0.00477984,1071.17,2.49221
5,1,64,80,biasopt,0.00462112,1107.96,2.49221
5,1,64,80,db,0.00477184,1072.96,2.49221
5,1,64,80,cudnn_nchw,0.0123379,414.981,2.49221
5,1,64,80,cudnn_nhwc,0.0351846,145.518,2.49221
5,1,64,160,custom,0.00879712,2328.03,2.49805
5,1,64,160,biasopt,0.00877312,2334.4,2.49805
5,1,64,160,db,0.0090624,2259.89,2.49805
5,1,64,160,cudnn_nchw,0.0124006,1651.53,2.49805
5,1,64,160,cudnn_nhwc,0.133284,153.657,2.49805
5,1,128,40,custom,0.00473312,540.869,2.46914
5,1,128,40,biasopt,0.00449536,569.476,2.46914
5,1,128,40,db,0.00462848,553.097,2.46914
5,1,128,40,cudnn_nchw,0.0121242,211.149,2.46914
5,1,128,40,cudnn_nhwc,0.0124794,205.139,2.46914
5,1,128,80,custom,0.00570336,1795.43,2.49221
5,1,128,80,biasopt,0.00564224,1814.88,2.49221
5,1,128,80,db,0.00593216,1726.18,2.49221
5,1,128,80,cudnn_nchw,0.0122166,838.201,2.49221
5,1,128,80,cudnn_nhwc,0.0680346,150.512,2.49221
5,1,128,160,custom,0.0134758,3039.51,2.49805
5,1,128,160,biasopt,0.013527,3028.01,2.49805
5,1,128,160,db,0.0140595,2913.33,2.49805
5,1,128,160,cudnn_nchw,0.0181117,2261.52,2.49805
5,1,128,160,cudnn_nhwc,0.267387,153.186,2.49805
5,1,256,40,custom,0.00480256,1066.1,2.46914
5,1,256,40,biasopt,0.00463872,1103.75,2.46914
5,1,256,40,db,0.00479072,1068.73,2.46914
5,1,256,40,cudnn_nchw,0.0120934,423.37,2.46914
5,1,256,40,cudnn_nhwc,0.0152883,334.896,2.46914
5,1,256,80,custom,0.00889856,2301.5,2.49221
5,1,256,80,biasopt,0.00885664,2312.39,2.49221
5,1,256,80,db,0.00913408,2242.15,2.49221
5,1,256,80,cudnn_nchw,0.012329,1661.13,2.49221
5,1,256,80,cudnn_nhwc,0.133622,153.268,2.49221
5,1,256,160,custom,0.0227942,3593.89,2.49805
5,1,256,160,biasopt,0.0229168,3574.67,2.49805
5,1,256,160,db,0.0239082,3426.45,2.49805
5,1,256,160,cudnn_nchw,0.0326624,2508.08,2.49805
5,1,256,160,cudnn_nhwc,0.50644,161.757,2.49805
5,2,32,40,custom,0.00467744,273.654,2.48447
5,2,32,40,biasopt,0.00446464,286.697,2.48447
5,2,32,40,db,0.0045968,278.455,2.48447
5,2,32,40,cudnn_nchw,0.0123981,103.242,2.48447
5,2,32,40,cudnn_nhwc,0.0129843,98.5804,2.48447
5,2,32,80,custom,0.00476096,1075.41,2.4961
5,2,32,80,biasopt,0.00459648,1113.9,2.4961
5,2,32,80,db,0.00475136,1077.59,2.4961
5,2,32,80,cudnn_nchw,0.0123578,414.315,2.4961
5,2,32,80,cudnn_nhwc,0.0339661,150.739,2.4961
5,2,32,160,custom,0.00879904,2327.53,2.49902
5,2,32,160,biasopt,0.0087552,2339.18,2.49902
5,2,32,160,db,0.00904096,2265.25,2.49902
5,2,32,160,cudnn_nchw,0.0129843,1577.29,2.49902
5,2,32,160,cudnn_nhwc,0.132618,154.428,2.49902
5,2,64,40,custom,0.00472064,542.299,2.48447
5,2,64,40,biasopt,0.00448352,570.98,2.48447
5,2,64,40,db,0.00461696,554.477,2.48447
5,2,64,40,cudnn_nchw,0.0123494,207.297,2.48447
5,2,64,40,cudnn_nhwc,0.0127683,200.496,2.48447
5,2,64,80,custom,0.00571392,1792.11,2.4961
5,2,64,80,biasopt,0.00564224,1814.88,2.4961
5,2,64,80,db,0.00591872,1730.1,2.4961
5,2,64,80,cudnn_nchw,0.0124518,822.368,2.4961
5,2,64,80,cudnn_nhwc,0.0677888,151.057,2.4961
5,2,64,160,custom,0.0134554,3044.14,2.49902
5,2,64,160,biasopt,0.0134758,3039.51,2.49902
5,2,64,160,db,0.0140202,2921.51,2.49902
5,2,64,160,cudnn_nchw,0.0180736,2266.29,2.49902
5,2,64,160,cudnn_nhwc,0.257412,159.122,2.49902
5,2,128,40,custom,0.00479008,1068.88,2.48447
5,2,128,40,biasopt,0.00462848,1106.19,2.48447
5,2,128,40,db,0.00476896,1073.61,2.48447
5,2,128,40,cudnn_nchw,0.0121446,421.585,2.48447
5,2,128,40,cudnn_nhwc,0.015736,325.369,2.48447
5,2,128,80,custom,0.00888832,2304.15,2.4961
5,2,128,80,biasopt,0.00883616,2317.75,2.4961
5,2,128,80,db,0.00912384,2244.67,2.4961
5,2,128,80,cudnn_nchw,0.0123693,1655.71,2.4961
5,2,128,80,cudnn_nhwc,0.13483,151.895,2.4961
5,2,128,160,custom,0.0227942,3593.89,2.49902
5,2,128,160,biasopt,0.0228966,3577.82,2.49902
5,2,128,160,db,0.0239098,3426.22,2.49902
5,2,128,160,cudnn_nchw,0.0326538,2508.75,2.49902
5,2,128,160,cudnn_nhwc,0.511274,160.227,2.49902
5,2,256,40,custom,0.00570048,1796.34,2.48447
5,2,256,40,biasopt,0.0056832,1801.8,2.48447
5,2,256,40,db,0.00585632,1748.54,2.48447
5,2,256,40,cudnn_nchw,0.0120928,846.785,2.48447
5,2,256,40,cudnn_nhwc,0.0260608,392.927,2.48447
5,2,256,80,custom,0.0144179,2840.91,2.4961
5,2,256,80,biasopt,0.0140493,2915.45,2.4961
5,2,256,80,db,0.0142118,2882.1,2.4961
5,2,256,80,cudnn_nchw,0.0180634,2267.57,2.4961
5,2,256,80,cudnn_nhwc,0.257659,158.97,2.4961
5,2,256,160,custom,0.0426496,3841.54,2.49902
5,2,256,160,biasopt,0.0430672,3804.29,2.49902
5,2,256,160,db,0.0440934,3715.75,2.49902
5,2,256,160,cudnn_nchw,0.062361,2627.28,2.49902
5,2,256,160,cudnn_nhwc,0.994734,164.707,2.49902
5,4,32,40,custom,0.0047104,543.478,2.49221
5,4,32,40,biasopt,0.00447232,572.41,2.49221
5,4,32,40,db,0.00461824,554.324,2.49221
5,4,32,40,cudnn_nchw,0.0136806,187.126,2.49221
5,4,32,40,cudnn_nhwc,0.0127386,200.965,2.49221
5,4,32,80,custom,0.0057568,1778.77,2.49805
5,4,32,80,biasopt,0.005632,1818.18,2.49805
5,4,32,80,db,0.00592832,1727.3,2.49805
5,4,32,80,cudnn_nchw,0.0123264,830.737,2.49805
5,4,32,80,cudnn_nhwc,0.0656285,156.03,2.49805
5,4,32,160,custom,0.0134349,3048.78,2.49951
5,4,32,160,biasopt,0.0134758,3039.51,2.49951
5,4,32,160,db,0.0140083,2923.98,2.49951
5,4,32,160,cudnn_nchw,0.018025,2272.4,2.49951
5,4,32,160,cudnn_nhwc,0.258918,158.197,2.49951
5,4,64,40,custom,0.00478208,1070.66,2.49221
5,4,64,40,biasopt,0.00461824,1108.65,2.49221
5,4,64,40,db,0.0047616,1075.27,2.49221
5,4,64,40,cudnn_nchw,0.0125542,407.83,2.49221
5,4,64,40,cudnn_nhwc,0.0159744,320.513,2.49221
5,4,64,80,custom,0.00888832,2304.15,2.49805
5,4,64,80,biasopt,0.00882688,2320.19,2.49805
5,4,64,80,db,0.00913312,2242.39,2.49805
5,4,64,80,cudnn_nchw,0.0126054,1624.7,2.49805
5,4,64,80,cudnn_nhwc,0.132905,154.095,2.49805
5,4,64,160,custom,0.0227942,3593.89,2.49951
5,4,64,160,biasopt,0.0229165,3574.72,2.49951
5,4,64,160,db,0.0239206,3424.66,2.49951
5,4,64,160,cudnn_nchw,0.0326144,2511.77,2.49951
5,4,64,160,cudnn_nhwc,0.502886,162.9,2.49951
5,4,128,40,custom,0.00568192,1802.21,2.49221
5,4,128,40,biasopt,0.00567296,1805.05,2.49221
5,4,128,40,db,0.00584768,1751.12,2.49221
5,4,128,40,cudnn_nchw,0.0125235,817.662,2.49221
5,4,128,40,cudnn_nhwc,0.0263149,389.133,2.49221
5,4,128,80,custom,0.0144179,2840.91,2.49805
5,4,128,80,biasopt,0.0141107,2902.76,2.49805
5,4,128,80,db,0.0142234,2879.77,2.49805
5,4,128,80,cudnn_nchw,0.0180634,2267.57,2.49805
5,4,128,80,cudnn_nhwc,0.265083,154.518,2.49805
5,4,128,160,custom,0.0425779,3848,2.49951
5,4,128,160,biasopt,0.042967,3813.16,2.49951
5,4,128,160,db,0.0441139,3714.02,2.49951
5,4,128,160,cudnn_nchw,0.0623696,2626.92,2.49951
5,4,128,160,cudnn_nhwc,1.00857,162.448,2.49951
5,4,256,40,custom,0.00874688,2341.41,2.49221
5,4,256,40,biasopt,0.00879616,2328.29,2.49221
5,4,256,40,db,0.0089088,2298.85,2.49221
5,4,256,40,cudnn_nchw,0.012288,1666.67,2.49221
5,4,256,40,cudnn_nhwc,0.0493773,414.766,2.49221
5,4,256,80,custom,0.0246682,3320.88,2.49805
5,4,256,80,biasopt,0.0247389,3311.39,2.49805
5,4,256,80,db,0.0257638,3179.65,2.49805
5,4,256,80,cudnn_nchw,0.0326656,2507.84,2.49805
5,4,256,80,cudnn_nhwc,0.504064,162.519,2.49805
5,4,256,160,custom,0.152382,2150.38,2.49951
5,4,256,160,biasopt,0.150938,2170.96,2.49951
5,4,256,160,db,0.151163,2167.73,2.49951
5,4,256,160,cudnn_nchw,0.155986,2100.7,2.49951
5,4,256,160,cudnn_nhwc,1.99434,164.305,2.49951
5,8,32,40,custom,0.00482048,1062.13,2.4961
5,8,32,40,biasopt,0.00463936,1103.6,2.4961
5,8,32,40,db,0.00480256,1066.1,2.4961
5,8,32,40,cudnn_nchw,0.0125747,407.166,2.4961
5,8,32,40,cudnn_nhwc,0.0161178,317.662,2.4961
5,8,32,80,custom,0.00892928,2293.58,2.49902
5,8,32,80,biasopt,0.0088576,2312.14,2.49902
5,8,32,80,db,0.00914272,2240.03,2.49902
5,8,32,80,cudnn_nchw,0.0129946,1576.04,2.49902
5,8,32,80,cudnn_nhwc,0.130662,156.74,2.49902
5,8,32,160,custom,0.022784,3595.51,2.49976
5,8,32,160,biasopt,0.0229098,3575.77,2.49976
5,8,32,160,db,0.0239002,3427.59,2.49976
5,8,32,160,cudnn_nchw,0.0325523,2516.56,2.49976
5,8,32,160,cudnn_nhwc,0.504177,162.483,2.49976
5,8,64,40,custom,0.0056832,1801.8,2.4961
5,8,64,40,biasopt,0.00568384,1801.6,2.4961
5,8,64,40,db,0.00584704,1751.31,2.4961
5,8,64,40,cudnn_nchw,0.012503,819.001,2.4961
5,8,64,40,cudnn_nhwc,0.0261626,391.399,2.4961
5,8,64,80,custom,0.0144179,2840.91,2.49902
5,8,64,80,biasopt,0.0140618,2912.86,2.49902
5,8,64,80,db,0.0142438,2875.63,2.49902
5,8,64,80,cudnn_nchw,0.0180714,2266.57,2.49902
5,8,64,80,cudnn_nhwc,0.259051,158.115,2.49902
5,8,64,160,custom,0.0426477,3841.71,2.49976
5,8,64,160,biasopt,0.0430694,3804.09,2.49976
5,8,64,160,db,0.0441139,3714.02,2.49976
5,8,64,160,cudnn_nchw,0.0622694,2631.15,2.49976
5,8,64,160,cudnn_nhwc,0.993309,164.944,2.49976
5,8,128,40,custom,0.00876512,2336.53,2.4961
5,8,128,40,biasopt,0.00881664,2322.88,2.4961
5,8,128,40,db,0.0089072,2299.26,2.4961
5,8,128,40,cudnn_nchw,0.0127181,1610.31,2.4961
5,8,128,40,cudnn_nhwc,0.0496742,412.286,2.4961
5,8,128,80,custom,0.0246662,3321.14,2.49902
5,8,128,80,biasopt,0.0247171,3314.3,2.49902
5,8,128,80,db,0.0257843,3177.12,2.49902
5,8,128,80,cudnn_nchw,0.0326554,2508.62,2.49902
5,8,128,80,cudnn_nhwc,0.511171,160.26,2.49902
5,8,128,160,custom,0.152433,2149.67,2.49976
5,8,128,160,biasopt,0.150794,2173.03,2.49976
5,8,128,160,db,0.151305,2165.69,2.49976
5,8,128,160,cudnn_nchw,0.156641,2091.91,2.49976
5,8,128,160,cudnn_nhwc,2.00366,163.541,2.49976
5,8,256,40,custom,0.0148275,2762.43,2.4961
5,8,256,40,biasopt,0.0147968,2768.17,2.4961
5,8,256,40,db,0.0153376,2670.56,2.4961
5,8,256,40,cudnn_nchw,0.018104,2262.48,2.4961
5,8,256,40,cudnn_nhwc,0.086487,473.597,2.4961
5,8,256,80,custom,0.0460186,3560.3,2.49902
5,8,256,80,biasopt,0.0461722,3548.46,2.49902
5,8,256,80,db,0.0480662,3408.63,2.49902
5,8,256,80,cudnn_nchw,0.0624221,2624.71,2.49902
5,8,256,80,cudnn_nhwc,0.996311,164.447,2.49902
5,8,256,160,custom,0.292987,2236.82,2.49976
5,8,256,160,biasopt,0.291604,2247.43,2.49976
5,8,256,160,db,0.295352,2218.91,2.49976
5,8,256,160,cudnn_nchw,0.309617,2116.68,2.49976
5,8,256,160,cudnn_nhwc,3.97891,164.708,2.49976
5,16,32,40,custom,0.00571392,1792.11,2.49805
5,16,32,40,biasopt,0.00571392,1792.11,2.49805
5,16,32,40,db,0.00585728,1748.25,2.49805
5,16,32,40,cudnn_nchw,0.0125741,814.374,2.49805
5,16,32,40,cudnn_nhwc,0.0261427,391.696,2.49805
5,16,32,80,custom,0.0143974,2844.95,2.49951
5,16,32,80,biasopt,0.0140698,2911.21,2.49951
5,16,32,80,db,0.0142099,2882.49,2.49951
5,16,32,80,cudnn_nchw,0.0180531,2268.86,2.49951
5,16,32,80,cudnn_nhwc,0.256113,159.93,2.49951
5,16,32,160,custom,0.0427309,3834.23,2.49988
5,16,32,160,biasopt,0.0430797,3803.19,2.49988
5,16,32,160,db,0.0440608,3718.5,2.49988
5,16,32,160,cudnn_nchw,0.0621366,2636.77,2.49988
5,16,32,160,cudnn_nhwc,0.995625,164.56,2.49988
5,16,64,40,custom,0.00877568,2333.72,2.49805
5,16,64,40,biasopt,0.00880416,2326.17,2.49805
5,16,64,40,db,0.0089088,2298.85,2.49805
5,16,64,40,cudnn_nchw,0.0126976,1612.9,2.49805
5,16,64,40,cudnn_nhwc,0.049447,414.18,2.49805
5,16,64,80,custom,0.0246579,3322.26,2.49951
5,16,64,80,biasopt,0.0247098,3315.29,2.49951
5,16,64,80,db,0.0257536,3180.91,2.49951
5,16,64,80,cudnn_nchw,0.0326656,2507.84,2.49951
5,16,64,80,cudnn_nhwc,0.503656,162.651,2.49951
5,16,64,160,custom,0.152648,2146.64,2.49988
5,16,64,160,biasopt,0.150866,2171.99,2.49988
5,16,64,160,db,0.151324,2165.43,2.49988
5,16,64,160,cudnn_nchw,0.15659,2092.6,2.49988
5,16,64,160,cudnn_nhwc,1.98755,164.866,2.49988
5,16,128,40,custom,0.0148173,2764.34,2.49805
5,16,128,40,biasopt,0.014807,2766.25,2.49805
5,16,128,40,db,0.0153392,2670.28,2.49805
5,16,128,40,cudnn_nchw,0.0182858,2239.99,2.49805
5,16,128,40,cudnn_nhwc,0.0878592,466.2,2.49805
5,16,128,80,custom,0.0459878,3562.68,2.49951
5,16,128,80,biasopt,0.0461619,3549.25,2.49951
5,16,128,80,db,0.0480563,3409.33,2.49951
5,16,128,80,cudnn_nchw,0.0624237,2624.64,2.49951
5,16,128,80,cudnn_nhwc,1.02398,160.003,2.49951
5,16,128,160,custom,0.293151,2235.57,2.49988
5,16,128,160,biasopt,0.292136,2243.34,2.49988
5,16,128,160,db,0.295803,2215.53,2.49988
5,16,128,160,cudnn_nchw,0.310364,2111.58,2.49988
5,16,128,160,cudnn_nhwc,3.99709,163.959,2.49988
5,16,256,40,custom,0.0269926,3034.9,2.49805
5,16,256,40,biasopt,0.0270147,3032.42,2.49805
5,16,256,40,db,0.0282317,2901.7,2.49805
5,16,256,40,cudnn_nchw,0.0326656,2507.84,2.49805
5,16,256,40,cudnn_nhwc,0.162089,505.401,2.49805
5,16,256,80,custom,0.153416,2135.9,2.49951
5,16,256,80,biasopt,0.155146,2112.07,2.49951
5,16,256,80,db,0.154274,2124.01,2.49951
5,16,256,80,cudnn_nchw,0.161659,2026.98,2.49951
5,16,256,80,cudnn_nhwc,1.99076,164.601,2.49951
5,16,256,160,custom,0.577188,2270.87,2.49988
5,16,256,160,biasopt,0.573983,2283.55,2.49988
5,16,256,160,db,0.578398,2266.12,2.49988
5,16,256,160,cudnn_nchw,0.609925,2148.99,2.49988
5,16,256,160,cudnn_nhwc,7.96348,164.591,2.49988
5,32,32,40,custom,0.00873216,2345.35,2.49902
5,32,32,40,biasopt,0.00878592,2331,2.49902
5,32,32,40,db,0.00887776,2306.89,2.49902
5,32,32,40,cudnn_nchw,0.0128938,1588.37,2.49902
5,32,32,40,cudnn_nhwc,0.0496538,412.456,2.49902
5,32,32,80,custom,0.0246579,3322.26,2.49976
5,32,32,80,biasopt,0.0247296,3312.63,2.49976
5,32,32,80,db,0.025753,3180.99,2.49976
5,32,32,80,cudnn_nchw,0.0325856,2513.99,2.49976
5,32,32,80,cudnn_nhwc,0.497285,164.734,2.49976
5,32,32,160,custom,0.152514,2148.52,2.49994
5,32,32,160,biasopt,0.151049,2169.36,2.49994
5,32,32,160,db,0.151644,2160.85,2.49994
5,32,32,160,cudnn_nchw,0.156652,2091.78,2.49994
5,32,32,160,cudnn_nhwc,1.97937,165.547,2.49994
5,32,64,40,custom,0.0148378,2760.52,2.49902
5,32,64,40,biasopt,0.0148368,2760.7,2.49902
5,32,64,40,db,0.0153498,2668.45,2.49902
5,32,64,40,cudnn_nchw,0.0181149,2261.12,2.49902
5,32,64,40,cudnn_nhwc,0.0885859,462.376,2.49902
5,32,64,80,custom,0.046047,3558.1,2.49976
5,32,64,80,biasopt,0.0462221,3544.63,2.49976
5,32,64,80,db,0.0480768,3407.88,2.49976
5,32,64,80,cudnn_nchw,0.0624538,2623.38,2.49976
5,32,64,80,cudnn_nhwc,0.997376,164.271,2.49976
5,32,64,160,custom,0.293222,2235.03,2.49994
5,32,64,160,biasopt,0.292127,2243.41,2.49994
5,32,64,160,db,0.297042,2206.29,2.49994
5,32,64,160,cudnn_nchw,0.310557,2110.28,2.49994
5,32,64,160,cudnn_nhwc,3.94576,166.092,2.49994
5,32,128,40,custom,0.0270221,3031.59,2.49902
5,32,128,40,biasopt,0.0270336,3030.3,2.49902
5,32,128,40,db,0.0282246,2902.43,2.49902
5,32,128,40,cudnn_nchw,0.0326246,2510.99,2.49902
5,32,128,40,cudnn_nhwc,0.164844,496.955,2.49902
5,32,128,80,custom,0.153364,2136.61,2.49976
5,32,128,80,biasopt,0.15578,2103.47,2.49976
5,32,128,80,db,0.15409,2126.55,2.49976
5,32,128,80,cudnn_nchw,0.161154,2033.33,2.49976
5,32,128,80,cudnn_nhwc,2.05171,159.711,2.49976
5,32,128,160,custom,0.577475,2269.75,2.49994
5,32,128,160,biasopt,0.575549,2277.34,2.49994
5,32,128,160,db,0.588554,2227.02,2.49994
5,32,128,160,cudnn_nchw,0.619234,2116.68,2.49994
5,32,128,160,cudnn_nhwc,8.01475,163.539,2.49994
5,32,256,40,custom,0.0502378,3261.29,2.49902
5,32,256,40,biasopt,0.0504627,3246.75,2.49902
5,32,256,40,db,0.0530102,3090.72,2.49902
5,32,256,40,cudnn_nchw,0.0624742,2622.52,2.49902
5,32,256,40,cudnn_nhwc,0.31358,522.483,2.49902
5,32,256,80,custom,0.300237,2182.81,2.49976
5,32,256,80,biasopt,0.305101,2148.01,2.49976
5,32,256,80,db,0.300042,2184.23,2.49976
5,32,256,80,cudnn_nchw,0.318915,2054.97,2.49976
5,32,256,80,cudnn_nhwc,3.96618,165.237,2.49976
5,32,256,160,custom,1.13873,2302.08,2.49994
5,32,256,160,biasopt,1.13658,2306.43,2.49994
5,32,256,160,db,1.14428,2290.91,2.49994
5,32,256,160,cudnn_nchw,1.21284,2161.41,2.49994
5,32,256,160,cudnn_nhwc,15.9335,164.524,2.49994
7,1,32,40,custom,0.00705248,177.867,4.78282
7,1,32,40,biasopt,0.00675552,185.685,4.78282
7,1,32,40,db,0.00729312,171.998,4.78282
7,1,32,40,cudnn_nchw,0.115845,10.8283,4.78282
7,1,32,40,cudnn_nhwc,0.0205728,60.9737,4.78282
7,1,32,80,custom,0.00704512,712.209,4.87017
7,1,32,80,biasopt,0.00679712,738.195,4.87017
7,1,32,80,db,0.0073216,685.315,4.87017
7,1,32,80,cudnn_nchw,0.11521,43.5517,4.87017
7,1,32,80,cudnn_nhwc,0.0330883,151.643,4.87017
7,1,32,160,custom,0.0090624,2214.69,4.89251
7,1,32,160,biasopt,0.0089776,2235.61,4.89251
7,1,32,160,db,0.00949248,2114.35,4.89251
7,1,32,160,cudnn_nchw,0.112773,177.971,4.89251
7,1,32,160,cudnn_nhwc,0.121682,164.942,4.89251
7,1,64,40,custom,0.00707456,354.623,4.78282
7,1,64,40,biasopt,0.00678176,369.933,4.78282
7,1,64,40,db,0.00731008,343.197,4.78282
7,1,64,40,cudnn_nchw,0.205558,12.2048,4.78282
7,1,64,40,cudnn_nhwc,0.0206026,121.771,4.78282
7,1,64,80,custom,0.00715872,1401.81,4.87017
7,1,64,80,biasopt,0.006912,1451.85,4.87017
7,1,64,80,db,0.00736256,1363,4.87017
7,1,64,80,cudnn_nchw,0.205414,48.8535,4.87017
7,1,64,80,cudnn_nhwc,0.0605072,165.851,4.87017
7,1,64,160,custom,0.0145101,2766.41,4.89251
7,1,64,160,biasopt,0.0145818,2752.81,4.89251
7,1,64,160,db,0.0152064,2639.73,4.89251
7,1,64,160,cudnn_nchw,0.205271,195.55,4.89251
7,1,64,160,cudnn_nhwc,0.239503,167.6,4.89251
7,1,128,40,custom,0.007168,700,4.78282
7,1,128,40,biasopt,0.00681984,735.736,4.78282
7,1,128,40,db,0.00733184,684.358,4.78282
7,1,128,40,cudnn_nchw,0.0124826,401.969,4.78282
7,1,128,40,cudnn_nhwc,0.0208384,240.786,4.78282
7,1,128,80,custom,0.00904192,2219.71,4.87017
7,1,128,80,biasopt,0.00902144,2224.74,4.87017
7,1,128,80,db,0.0094208,2130.43,4.87017
7,1,128,80,cudnn_nchw,0.391772,51.2298,4.87017
7,1,128,80,cudnn_nhwc,0.118723,169.053,4.87017
7,1,128,160,custom,0.0229171,3503.13,4.89251
7,1,128,160,biasopt,0.0231021,3475.08,4.89251
7,1,128,160,db,0.024023,3341.86,4.89251
7,1,128,160,cudnn_nchw,0.390113,205.79,4.89251
7,1,128,160,cudnn_nhwc,0.47873,167.697,4.89251
7,1,256,40,custom,0.00741152,1354,4.78282
7,1,256,40,biasopt,0.00695296,1443.3,4.78282
7,1,256,40,db,0.00745472,1346.15,4.78282
7,1,256,40,cudnn_nchw,0.0125357,800.531,4.78282
7,1,256,40,cudnn_nhwc,0.0230093,436.137,4.78282
7,1,256,80,custom,0.0146736,2735.58,4.87017
7,1,256,80,biasopt,0.0147354,2724.11,4.87017
7,1,256,80,db,0.015319,2620.32,4.87017
7,1,256,80,cudnn_nchw,0.759306,52.8651,4.87017
7,1,256,80,cudnn_nhwc,0.235284,170.605,4.87017
7,1,256,160,custom,0.0398848,4025.67,4.89251
7,1,256,160,biasopt,0.040233,3990.84,4.89251
7,1,256,160,db,0.0419226,3830,4.89251
7,1,256,160,cudnn_nchw,0.761119,210.957,4.89251
7,1,256,160,cudnn_nhwc,0.922305,174.089,4.89251
7,2,32,40,custom,0.00706464,355.121,4.8407
7,2,32,40,biasopt,0.00678912,369.532,4.8407
7,2,32,40,db,0.00731136,343.137,4.8407
7,2,32,40,cudnn_nchw,0.113695,22.0661,4.8407
7,2,32,40,cudnn_nhwc,0.0206858,121.281,4.8407
7,2,32,80,custom,0.00717824,1398,4.88504
7,2,32,80,biasopt,0.006912,1451.85,4.88504
7,2,32,80,db,0.00736416,1362.71,4.88504
7,2,32,80,cudnn_nchw,0.113346,88.5358,4.88504
7,2,32,80,cudnn_nhwc,0.0588202,170.608,4.88504
7,2,32,160,custom,0.014512,2766.04,4.89625
7,2,32,160,biasopt,0.0146013,2749.13,4.89625
7,2,32,160,db,0.0152371,2634.41,4.89625
7,2,32,160,cudnn_nchw,0.112753,356.008,4.89625
7,2,32,160,cudnn_nhwc,0.235878,170.176,4.89625
7,2,64,40,custom,0.00715776,701.001,4.8407
7,2,64,40,biasopt,0.0068704,730.321,4.8407
7,2,64,40,db,0.0073216,685.315,4.8407
7,2,64,40,cudnn_nchw,0.205076,24.467,4.8407
7,2,64,40,cudnn_nhwc,0.0208045,241.179,4.8407
7,2,64,80,custom,0.0090624,2214.69,4.88504
7,2,64,80,biasopt,0.00908288,2209.7,4.88504
7,2,64,80,db,0.00948224,2116.63,4.88504
7,2,64,80,cudnn_nchw,0.204646,98.0736,4.88504
7,2,64,80,cudnn_nhwc,0.120402,166.695,4.88504
7,2,64,160,custom,0.0229274,3501.56,4.89625
7,2,64,160,biasopt,0.023081,3478.26,4.89625
7,2,64,160,db,0.0240435,3339.01,4.89625
7,2,64,160,cudnn_nchw,0.206971,387.888,4.89625
7,2,64,160,cudnn_nhwc,0.463759,173.11,4.89625
7,2,128,40,custom,0.00725856,1382.53,4.8407
7,2,128,40,biasopt,0.00695232,1443.43,4.8407
7,2,128,40,db,0.00743424,1349.86,4.8407
7,2,128,40,cudnn_nchw,0.392858,25.5441,4.8407
7,2,128,40,cudnn_nhwc,0.0231117,434.205,4.8407
7,2,128,80,custom,0.0146944,2731.71,4.88504
7,2,128,80,biasopt,0.0146944,2731.71,4.88504
7,2,128,80,db,0.015319,2620.32,4.88504
7,2,128,80,cudnn_nchw,0.392663,102.227,4.88504
7,2,128,80,cudnn_nhwc,0.238538,168.278,4.88504
7,2,128,160,custom,0.0398541,4028.78,4.89625
7,2,128,160,biasopt,0.0402317,3990.96,4.89625
7,2,128,160,db,0.0418918,3832.8,4.89625
7,2,128,160,cudnn_nchw,0.393206,408.344,4.89625
7,2,128,160,cudnn_nhwc,0.926032,173.388,4.89625
7,2,256,40,custom,0.00908288,2209.7,4.8407
7,2,256,40,biasopt,0.00914304,2195.16,4.8407
7,2,256,40,db,0.00913408,2197.31,4.8407
7,2,256,40,cudnn_nchw,0.761764,26.3473,4.8407
7,2,256,40,cudnn_nhwc,0.0423117,474.347,4.8407
7,2,256,80,custom,0.0246272,3259.88,4.88504
7,2,256,80,biasopt,0.0241562,3323.44,4.88504
7,2,256,80,db,0.0243619,3295.37,4.88504
7,2,256,80,cudnn_nchw,0.766894,104.684,4.88504
7,2,256,80,cudnn_nhwc,0.459686,174.644,4.88504
7,2,256,160,custom,0.0745062,4310.06,4.89625
7,2,256,160,biasopt,0.0751821,4271.32,4.89625
7,2,256,160,db,0.0782746,4102.56,4.89625
7,2,256,160,cudnn_nchw,0.764416,420.094,4.89625
7,2,256,160,cudnn_nhwc,1.80323,178.084,4.89625
7,4,32,40,custom,0.00719072,697.788,4.87017
7,4,32,40,biasopt,0.00687264,730.083,4.87017
7,4,32,40,db,0.00733184,684.358,4.87017
7,4,32,40,cudnn_nchw,0.113203,44.3238,4.87017
7,4,32,40,cudnn_nhwc,0.0209408,239.609,4.87017
7,4,32,80,custom,0.00911136,2202.79,4.89251
7,4,32,80,biasopt,0.00907264,2212.19,4.89251
7,4,32,80,db,0.00950432,2111.71,4.89251
7,4,32,80,cudnn_nchw,0.112804,177.923,4.89251
7,4,32,80,cudnn_nhwc,0.116931,171.644,4.89251
7,4,32,160,custom,0.0229357,3500.29,4.89812
7,4,32,160,biasopt,0.0231091,3474.02,4.89812
7,4,32,160,db,0.0240435,3339.01,4.89812
7,4,32,160,cudnn_nchw,0.11477,699.5,4.89812
7,4,32,160,cudnn_nhwc,0.4685,171.359,4.89812
7,4,64,40,custom,0.00724992,1384.18,4.87017
7,4,64,40,biasopt,0.00697344,1439.06,4.87017
7,4,64,40,db,0.00740288,1355.58,4.87017
7,4,64,40,cudnn_nchw,0.20608,48.6957,4.87017
7,4,64,40,cudnn_nhwc,0.0231526,433.437,4.87017
7,4,64,80,custom,0.0147133,2728.2,4.89251
7,4,64,80,biasopt,0.0147258,2725.89,4.89251
7,4,64,80,db,0.0153088,2622.07,4.89251
7,4,64,80,cudnn_nchw,0.206828,194.079,4.89251
7,4,64,80,cudnn_nhwc,0.233964,171.569,4.89251
7,4,64,160,custom,0.0398726,4026.9,4.89812
7,4,64,160,biasopt,0.0402227,3991.85,4.89812
7,4,64,160,db,0.0419123,3830.93,4.89812
7,4,64,160,cudnn_nchw,0.226324,709.438,4.89812
7,4,64,160,cudnn_nhwc,0.931484,172.374,4.89812
7,4,128,40,custom,0.00908288,2209.7,4.87017
7,4,128,40,biasopt,0.00912384,2199.78,4.87017
7,4,128,40,db,0.00912384,2199.78,4.87017
7,4,128,40,cudnn_nchw,0.39337,51.0217,4.87017
7,4,128,40,cudnn_nhwc,0.0423904,473.466,4.87017
7,4,128,80,custom,0.0247395,3245.08,4.89251
7,4,128,80,biasopt,0.0241357,3326.26,4.89251
7,4,128,80,db,0.024361,3295.5,4.89251
7,4,128,80,cudnn_nchw,0.39041,205.634,4.89251
7,4,128,80,cudnn_nhwc,0.468797,171.25,4.89251
7,4,128,160,custom,0.0744416,4313.8,4.89812
7,4,128,160,biasopt,0.0751408,4273.66,4.89812
7,4,128,160,db,0.0781926,4106.86,4.89812
7,4,128,160,cudnn_nchw,0.478812,670.673,4.89812
7,4,128,160,cudnn_nhwc,1.82369,176.086,4.89812
7,4,256,40,custom,0.0144486,2778.17,4.87017
7,4,256,40,biasopt,0.0145101,2766.41,4.87017
7,4,256,40,db,0.0149808,2679.48,4.87017
7,4,256,40,cudnn_nchw,0.762214,52.6634,4.87017
7,4,256,40,cudnn_nhwc,0.0816624,491.546,4.87017
7,4,256,80,custom,0.0432128,3715.64,4.89251
7,4,256,80,biasopt,0.0434995,3691.15,4.89251
7,4,256,80,db,0.0453632,3539.5,4.89251
7,4,256,80,cudnn_nchw,0.766351,209.516,4.89251
7,4,256,80,cudnn_nhwc,0.901736,178.06,4.89251
7,4,256,160,custom,0.186972,3435.02,4.89812
7,4,256,160,biasopt,0.187238,3430.13,4.89812
7,4,256,160,db,0.17962,3575.61,4.89812
7,4,256,160,cudnn_nchw,0.995768,644.982,4.89812
7,4,256,160,cudnn_nhwc,3.62081,177.378,4.89812
7,8,32,40,custom,0.00728064,1378.34,4.88504
7,8,32,40,biasopt,0.00697344,1439.06,4.88504
7,8,32,40,db,0.00739328,1357.34,4.88504
7,8,32,40,cudnn_nchw,0.0121242,827.703,4.88504
7,8,32,40,cudnn_nhwc,0.0231322,433.82,4.88504
7,8,32,80,custom,0.0147456,2722.22,4.89625
7,8,32,80,biasopt,0.0147763,2716.56,4.89625
7,8,32,80,db,0.0153498,2615.08,4.89625
7,8,32,80,cudnn_nchw,0.016753,2396.04,4.89625
7,8,32,80,cudnn_nhwc,0.228291,175.832,4.89625
7,8,32,160,custom,0.0398746,4026.71,4.89906
7,8,32,160,biasopt,0.040233,3990.84,4.89906
7,8,32,160,db,0.0419219,3830.05,4.89906
7,8,32,160,cudnn_nchw,0.0515078,3117.26,4.89906
7,8,32,160,cudnn_nhwc,0.9071,177.007,4.89906
7,8,64,40,custom,0.00909312,2207.21,4.88504
7,8,64,40,biasopt,0.00912192,2200.24,4.88504
7,8,64,40,db,0.00912384,2199.78,4.88504
7,8,64,40,cudnn_nchw,0.0122752,1635.04,4.88504
7,8,64,40,cudnn_nhwc,0.0423526,473.888,4.88504
7,8,64,80,custom,0.0247296,3246.38,4.89625
7,8,64,80,biasopt,0.0241222,3328.12,4.89625
7,8,64,80,db,0.0243398,3298.36,4.89625
7,8,64,80,cudnn_nchw,0.0281728,2849.61,4.89625
7,8,64,80,cudnn_nhwc,0.459446,174.736,4.89625
7,8,64,160,custom,0.074537,4308.28,4.89906
7,8,64,160,biasopt,0.0752016,4270.21,4.89906
7,8,64,160,db,0.0783334,4099.48,4.89906
7,8,64,160,cudnn_nchw,0.0999395,3213.21,4.89906
7,8,64,160,cudnn_nhwc,1.79439,178.962,4.89906
7,8,128,40,custom,0.0144589,2776.2,4.88504
7,8,128,40,biasopt,0.0145101,2766.41,4.88504
7,8,128,40,db,0.0149805,2679.54,4.88504
7,8,128,40,cudnn_nchw,0.0166627,2409.02,4.88504
7,8,128,40,cudnn_nhwc,0.0825446,486.292,4.88504
7,8,128,80,custom,0.0433152,3706.86,4.89625
7,8,128,80,biasopt,0.043623,3680.7,4.89625
7,8,128,80,db,0.0453837,3537.91,4.89625
7,8,128,80,cudnn_nchw,0.0515379,3115.44,4.89625
7,8,128,80,cudnn_nhwc,0.909025,176.632,4.89625
7,8,128,160,custom,0.186481,3444.07,4.89906
7,8,128,160,biasopt,0.186787,3438.43,4.89906
7,8,128,160,db,0.179036,3587.28,4.89906
7,8,128,160,cudnn_nchw,0.231218,2777.69,4.89906
7,8,128,160,cudnn_nhwc,3.63574,176.65,4.89906
7,8,256,40,custom,0.0254998,3148.32,4.88504
7,8,256,40,biasopt,0.0255795,3138.51,4.88504
7,8,256,40,db,0.0266547,3011.91,4.88504
7,8,256,40,cudnn_nchw,0.0281379,2853.15,4.88504
7,8,256,40,cudnn_nhwc,0.143237,560.482,4.88504
7,8,256,80,custom,0.0818067,3925.43,4.89625
7,8,256,80,biasopt,0.082473,3893.72,4.89625
7,8,256,80,db,0.0857498,3744.92,4.89625
7,8,256,80,cudnn_nchw,0.0993485,3232.32,4.89625
7,8,256,80,cudnn_nhwc,1.78514,179.889,4.89625
7,8,256,160,custom,0.360877,3559.4,4.89906
7,8,256,160,biasopt,0.358869,3579.31,4.89906
7,8,256,160,db,0.352748,3641.43,4.89906
7,8,256,160,cudnn_nchw,0.460605,2788.73,4.89906
7,8,256,160,cudnn_nhwc,7.21496,178.034,4.89906
7,16,32,40,custom,0.00913408,2197.31,4.89251
7,16,32,40,biasopt,0.0091536,2192.62,4.89251
7,16,32,40,db,0.00916416,2190.1,4.89251
7,16,32,40,cudnn_nchw,0.0123264,1628.24,4.89251
7,16,32,40,cudnn_nhwc,0.0424038,473.316,4.89251
7,16,32,80,custom,0.0246979,3250.54,4.89812
7,16,32,80,biasopt,0.0241347,3326.39,4.89812
7,16,32,80,db,0.0243712,3294.12,4.89812
7,16,32,80,cudnn_nchw,0.0281712,2849.78,4.89812
7,16,32,80,cudnn_nhwc,0.452905,177.259,4.89812
7,16,32,160,custom,0.0746365,4302.54,4.89953
7,16,32,160,biasopt,0.075313,4263.89,4.89953
7,16,32,160,db,0.0783667,4097.74,4.89953
7,16,32,160,cudnn_nchw,0.0994515,3228.97,4.89953
7,16,32,160,cudnn_nhwc,1.79054,179.346,4.89953
7,16,64,40,custom,0.0144819,2771.79,4.89251
7,16,64,40,biasopt,0.0145306,2762.51,4.89251
7,16,64,40,db,0.0150016,2675.77,4.89251
7,16,64,40,cudnn_nchw,0.0167014,2403.43,4.89251
7,16,64,40,cudnn_nhwc,0.0831078,482.997,4.89251
7,16,64,80,custom,0.0432157,3715.39,4.89812
7,16,64,80,biasopt,0.0435712,3685.08,4.89812
7,16,64,80,db,0.0452918,3545.08,4.89812
7,16,64,80,cudnn_nchw,0.051456,3120.4,4.89812
7,16,64,80,cudnn_nhwc,0.898816,178.639,4.89812
7,16,64,160,custom,0.186757,3438.97,4.89953
7,16,64,160,biasopt,0.188242,3411.85,4.89953
7,16,64,160,db,0.179231,3583.39,4.89953
7,16,64,160,cudnn_nchw,0.230113,2791.03,4.89953
7,16,64,160,cudnn_nhwc,3.59299,178.752,4.89953
7,16,128,40,custom,0.0255475,3142.44,4.89251
7,16,128,40,biasopt,0.0256406,3131.03,4.89251
7,16,128,40,db,0.0266445,3013.07,4.89251
7,16,128,40,cudnn_nchw,0.0281194,2855.03,4.89251
7,16,128,40,cudnn_nhwc,0.145683,551.07,4.89251
7,16,128,80,custom,0.0817971,3925.89,4.89812
7,16,128,80,biasopt,0.0824832,3893.23,4.89812
7,16,128,80,db,0.0856755,3748.17,4.89812
7,16,128,80,cudnn_nchw,0.0993155,3233.4,4.89812
7,16,128,80,cudnn_nhwc,1.83045,175.436,4.89812
7,16,128,160,custom,0.361082,3557.38,4.89953
7,16,128,160,biasopt,0.356474,3603.36,4.89953
7,16,128,160,db,0.358564,3582.36,4.89953
7,16,128,160,cudnn_nchw,0.456581,2813.31,4.89953
7,16,128,160,cudnn_nhwc,7.26541,176.797,4.89953
7,16,256,40,custom,0.0474931,3380.77,4.89251
7,16,256,40,biasopt,0.0478003,3359.04,4.89251
7,16,256,40,db,0.0498557,3220.56,4.89251
7,16,256,40,cudnn_nchw,0.0513661,3125.86,4.89251
7,16,256,40,cudnn_nhwc,0.267518,600.196,4.89251
7,16,256,80,custom,0.1873,3429.01,4.89812
7,16,256,80,biasopt,0.190884,3364.63,4.89812
7,16,256,80,db,0.19714,3257.84,4.89812
7,16,256,80,cudnn_nchw,0.240548,2669.96,4.89812
7,16,256,80,cudnn_nhwc,3.55213,180.808,4.89812
7,16,256,160,custom,0.705133,3643.3,4.89953
7,16,256,160,biasopt,0.685105,3749.81,4.89953
7,16,256,160,db,0.704543,3646.35,4.89953
7,16,256,160,cudnn_nchw,0.883157,2908.9,4.89953
7,16,256,160,cudnn_nhwc,14.3998,178.406,4.89953
7,32,32,40,custom,0.0144282,2782.11,4.89625
7,32,32,40,biasopt,0.0144998,2768.36,4.89625
7,32,32,40,db,0.0149434,2686.2,4.89625
7,32,32,40,cudnn_nchw,0.0166298,2413.79,4.89625
7,32,32,40,cudnn_nhwc,0.0838246,478.866,4.89625
7,32,32,80,custom,0.0433053,3707.71,4.89906
7,32,32,80,biasopt,0.0435814,3684.21,4.89906
7,32,32,80,db,0.0453734,3538.7,4.89906
7,32,32,80,cudnn_nchw,0.0514253,3122.26,4.89906
7,32,32,80,cudnn_nhwc,0.885207,181.385,4.89906
7,32,32,160,custom,0.186593,3441.99,4.89977
7,32,32,160,biasopt,0.189533,3388.61,4.89977
7,32,32,160,db,0.179599,3576.03,4.89977
7,32,32,160,cudnn_nchw,0.230347,2788.2,4.89977
7,32,32,160,cudnn_nhwc,3.59074,178.864,4.89977
7,32,64,40,custom,0.025559,3141.03,4.89625
7,32,64,40,biasopt,0.0256614,3128.49,4.89625
7,32,64,40,db,0.0266342,3014.23,4.89625
7,32,64,40,cudnn_nchw,0.028096,2857.4,4.89625
7,32,64,40,cudnn_nhwc,0.151849,528.694,4.89625
7,32,64,80,custom,0.0818893,3921.47,4.89906
7,32,64,80,biasopt,0.0825446,3890.34,4.89906
7,32,64,80,db,0.0857494,3744.94,4.89906
7,32,64,80,cudnn_nchw,0.0992458,3235.67,4.89906
7,32,64,80,cudnn_nhwc,1.78118,180.288,4.89906
7,32,64,160,custom,0.36137,3554.54,4.89977
7,32,64,160,biasopt,0.359975,3568.32,4.89977
7,32,64,160,db,0.358031,3587.69,4.89977
7,32,64,160,cudnn_nchw,0.458599,2800.93,4.89977
7,32,64,160,cudnn_nhwc,7.16784,179.204,4.89977
7,32,128,40,custom,0.0475219,3378.72,4.89625
7,32,128,40,biasopt,0.0478618,3354.73,4.89625
7,32,128,40,db,0.04992,3216.41,4.89625
7,32,128,40,cudnn_nchw,0.0513331,3127.87,4.89625
7,32,128,40,cudnn_nhwc,0.275907,581.948,4.89625
7,32,128,80,custom,0.187415,3426.91,4.89906
7,32,128,80,biasopt,0.19115,3359.94,4.89906
7,32,128,80,db,0.196201,3273.44,4.89906
7,32,128,80,cudnn_nchw,0.239296,2683.93,4.89906
7,32,128,80,cudnn_nhwc,3.64645,176.131,4.89906
7,32,128,160,custom,0.691648,3714.33,4.89977
7,32,128,160,biasopt,0.685722,3746.43,4.89977
7,32,128,160,db,0.706161,3638,4.89977
7,32,128,160,cudnn_nchw,0.882802,2910.07,4.89977
7,32,128,160,cudnn_nhwc,14.5069,177.089,4.89977
7,32,256,40,custom,0.0897651,3577.41,4.89625
7,32,256,40,biasopt,0.0904778,3549.23,4.89625
7,32,256,40,db,0.0947389,3389.59,4.89625
7,32,256,40,cudnn_nchw,0.100723,3188.23,4.89625
7,32,256,40,cudnn_nhwc,0.520499,616.959,4.89625
7,32,256,80,custom,0.359148,3576.54,4.89906
7,32,256,80,biasopt,0.375808,3417.98,4.89906
7,32,256,80,db,0.391383,3281.97,4.89906
7,32,256,80,cudnn_nchw,0.46548,2759.53,4.89906
7,32,256,80,cudnn_nhwc,7.08937,181.188,4.89906
7,32,256,160,custom,1.3512,3802.57,4.89977
7,32,256,160,biasopt,1.35921,3780.16,4.89977
7,32,256,160,db,1.40306,3662,4.89977
7,32,256,160,cudnn_nchw,1.72449,2979.45,4.89977
7,32,256,160,cudnn_nhwc,28.8313,178.21,4.89977
9,1,32,40,custom,0.0101581,204.133,7.78472
9,1,32,40,biasopt,0.00971776,213.383,7.78472
9,1,32,40,db,0.0105795,196.001,7.78472
9,1,32,40,cudnn_nchw,0.116582,17.7866,7.78472
9,1,32,40,cudnn_nhwc,0.0316006,65.6189,7.78472
9,1,32,80,custom,0.0100243,827.428,8.01881
9,1,32,80,biasopt,0.00973056,852.407,8.01881
9,1,32,80,db,0.010729,773.085,8.01881
9,1,32,80,cudnn_nchw,0.113142,73.3098,8.01881
9,1,32,80,cudnn_nhwc,0.0529229,156.726,8.01881
9,1,32,160,custom,0.013056,2541.18,8.07955
9,1,32,160,biasopt,0.0131254,2527.73,8.07955
9,1,32,160,db,0.0141741,2340.72,8.07955
9,1,32,160,cudnn_nchw,0.112783,294.171,8.07955
9,1,32,160,cudnn_nhwc,0.200172,165.746,8.07955
9,1,64,40,custom,0.0101581,408.266,7.78472
9,1,64,40,biasopt,0.009728,426.316,7.78472
9,1,64,40,db,0.0107014,387.537,7.78472
9,1,64,40,cudnn_nchw,0.207861,19.9518,7.78472
9,1,64,40,cudnn_nhwc,0.031673,130.938,7.78472
9,1,64,80,custom,0.0101888,1628.14,8.01881
9,1,64,80,biasopt,0.00989952,1675.72,8.01881
9,1,64,80,db,0.0108765,1525.2,8.01881
9,1,64,80,cudnn_nchw,0.205578,80.6934,8.01881
9,1,64,80,cudnn_nhwc,0.0990083,167.55,8.01881
9,1,64,160,custom,0.0219955,3016.76,8.07955
9,1,64,160,biasopt,0.0222003,2988.93,8.07955
9,1,64,160,db,0.0233674,2839.65,8.07955
9,1,64,160,cudnn_nchw,0.207206,320.237,8.07955
9,1,64,160,cudnn_nhwc,0.390984,169.713,8.07955
9,1,128,40,custom,0.0101888,814.07,7.78472
9,1,128,40,biasopt,0.00974848,850.84,7.78472
9,1,128,40,db,0.0106515,778.706,7.78472
9,1,128,40,cudnn_nchw,0.391987,21.1599,7.78472
9,1,128,40,cudnn_nhwc,0.0318954,260.05,7.78472
9,1,128,80,custom,0.0132506,2503.86,8.01881
9,1,128,80,biasopt,0.0132608,2501.93,8.01881
9,1,128,80,db,0.0141005,2352.94,8.01881
9,1,128,80,cudnn_nchw,0.391967,84.6439,8.01881
9,1,128,80,cudnn_nhwc,0.198144,167.442,8.01881
9,1,128,160,custom,0.0353997,3748.92,8.07955
9,1,128,160,biasopt,0.0357683,3710.28,8.07955
9,1,128,160,db,0.0373862,3549.71,8.07955
9,1,128,160,cudnn_nchw,0.392571,338.055,8.07955
9,1,128,160,cudnn_nhwc,0.796828,166.548,8.07955
9,1,256,40,custom,0.0103526,1602.37,7.78472
9,1,256,40,biasopt,0.00991136,1673.72,7.78472
9,1,256,40,db,0.010793,1537,7.78472
9,1,256,40,cudnn_nchw,0.763894,21.7161,7.78472
9,1,256,40,cudnn_nhwc,0.0338525,490.032,7.78472
9,1,256,80,custom,0.0222822,2977.94,8.01881
9,1,256,80,biasopt,0.0223437,2969.75,8.01881
9,1,256,80,db,0.0235315,2819.84,8.01881
9,1,256,80,cudnn_nchw,0.766167,86.6067,8.01881
9,1,256,80,cudnn_nhwc,0.385421,172.163,8.01881
9,1,256,160,custom,0.0623411,4257.56,8.07955
9,1,256,160,biasopt,0.0629786,4214.46,8.07955
9,1,256,160,db,0.065913,4026.84,8.07955
9,1,256,160,cudnn_nchw,0.767478,345.835,8.07955
9,1,256,160,cudnn_nhwc,1.52793,173.713,8.07955
9,2,32,40,custom,0.0101888,407.035,7.93923
9,2,32,40,biasopt,0.00975712,425.043,7.93923
9,2,32,40,db,0.010752,385.714,7.93923
9,2,32,40,cudnn_nchw,0.113234,36.6251,7.93923
9,2,32,40,cudnn_nhwc,0.0319386,129.849,7.93923
9,2,32,80,custom,0.0102093,1624.87,8.0592
9,2,32,80,biasopt,0.00989248,1676.91,8.0592
9,2,32,80,db,0.0108829,1524.3,8.0592
9,2,32,80,cudnn_nchw,0.113838,145.723,8.0592
9,2,32,80,cudnn_nhwc,0.096041,172.726,8.0592
9,2,32,160,custom,0.0220131,3014.35,8.08976
9,2,32,160,biasopt,0.0222013,2988.8,8.08976
9,2,32,160,db,0.023359,2840.66,8.08976
9,2,32,160,cudnn_nchw,0.113705,583.574,8.08976
9,2,32,160,cudnn_nhwc,0.391967,169.288,8.08976
9,2,64,40,custom,0.0101888,814.07,7.93923
9,2,64,40,biasopt,0.00974848,850.84,7.93923
9,2,64,40,db,0.0106691,777.421,7.93923
9,2,64,40,cudnn_nchw,0.205599,40.3427,7.93923
9,2,64,40,cudnn_nhwc,0.0317542,261.206,7.93923
9,2,64,80,custom,0.0132506,2503.86,8.0592
9,2,64,80,biasopt,0.0132826,2497.83,8.0592
9,2,64,80,db,0.014121,2349.53,8.0592
9,2,64,80,cudnn_nchw,0.206633,160.563,8.0592
9,2,64,80,cudnn_nhwc,0.194406,170.661,8.0592
9,2,64,160,custom,0.0354381,3744.85,8.08976
9,2,64,160,biasopt,0.0357792,3709.15,8.08976
9,2,64,160,db,0.0374579,3542.92,8.08976
9,2,64,160,cudnn_nchw,0.207493,639.589,8.08976
9,2,64,160,cudnn_nhwc,0.768676,172.648,8.08976
9,2,128,40,custom,0.0103597,1601.29,7.93923
9,2,128,40,biasopt,0.00992096,1672.1,7.93923
9,2,128,40,db,0.010793,1537,7.93923
9,2,128,40,cudnn_nchw,0.394476,42.0528,7.93923
9,2,128,40,cudnn_nhwc,0.0341789,485.352,7.93923
9,2,128,80,custom,0.0222925,2976.57,8.0592
9,2,128,80,biasopt,0.0223642,2967.03,8.0592
9,2,128,80,db,0.0235315,2819.84,8.0592
9,2,128,80,cudnn_nchw,0.391363,169.549,8.0592
9,2,128,80,cudnn_nhwc,0.396759,167.243,8.0592
9,2,128,160,custom,0.0623629,4256.07,8.08976
9,2,128,160,biasopt,0.0629862,4213.95,8.08976
9,2,128,160,db,0.0659149,4026.72,8.08976
9,2,128,160,cudnn_nchw,0.396329,669.698,8.08976
9,2,128,160,cudnn_nhwc,1.54236,172.088,8.08976
9,2,256,40,custom,0.0133018,2494.23,7.93923
9,2,256,40,biasopt,0.0133555,2484.19,7.93923
9,2,256,40,db,0.0133325,2488.48,7.93923
9,2,256,40,cudnn_nchw,0.76203,43.5384,7.93923
9,2,256,40,cudnn_nhwc,0.0639078,519.148,7.93923
9,2,256,80,custom,0.0376218,3527.49,8.0592
9,2,256,80,biasopt,0.0365978,3626.19,8.0592
9,2,256,80,db,0.0379392,3497.98,8.0592
9,2,256,80,cudnn_nchw,0.763761,173.759,8.0592
9,2,256,80,cudnn_nhwc,0.757116,175.284,8.0592
9,2,256,160,custom,0.11692,4540.2,8.08976
9,2,256,160,biasopt,0.118243,4489.43,8.08976
9,2,256,160,db,0.129495,4099.32,8.08976
9,2,256,160,cudnn_nchw,0.766003,693.002,8.08976
9,2,256,160,cudnn_nhwc,3.00163,176.851,8.08976
9,4,32,40,custom,0.010199,813.253,8.01881
9,4,32,40,biasopt,0.00975872,849.948,8.01881
9,4,32,40,db,0.0106493,778.87,8.01881
9,4,32,40,cudnn_nchw,0.113981,72.7697,8.01881
9,4,32,40,cudnn_nhwc,0.0318058,260.783,8.01881
9,4,32,80,custom,0.0132845,2497.47,8.07955
9,4,32,80,biasopt,0.0133222,2490.39,8.07955
9,4,32,80,db,0.0141181,2350.01,8.07955
9,4,32,80,cudnn_nchw,0.114371,290.089,8.07955
9,4,32,80,cudnn_nhwc,0.19242,172.423,8.07955
9,4,32,160,custom,0.0354582,3742.72,8.09488
9,4,32,160,biasopt,0.0358093,3706.03,8.09488
9,4,32,160,db,0.037447,3543.95,8.09488
9,4,32,160,cudnn_nchw,0.167483,792.382,8.09488
9,4,32,160,cudnn_nhwc,0.770447,172.251,8.09488
9,4,64,40,custom,0.0103635,1600.69,8.01881
9,4,64,40,biasopt,0.0099328,1670.1,8.01881
9,4,64,40,db,0.0108016,1535.77,8.01881
9,4,64,40,cudnn_nchw,0.206397,80.3731,8.01881
9,4,64,40,cudnn_nhwc,0.0341811,485.321,8.01881
9,4,64,80,custom,0.0223334,2971.11,8.07955
9,4,64,80,biasopt,0.0223744,2965.67,8.07955
9,4,64,80,db,0.0235616,2816.24,8.07955
9,4,64,80,cudnn_nchw,0.207524,319.747,8.07955
9,4,64,80,cudnn_nhwc,0.384235,172.695,8.07955
9,4,64,160,custom,0.0622582,4263.22,8.09488
9,4,64,160,biasopt,0.0629248,4218.06,8.09488
9,4,64,160,db,0.0658637,4029.85,8.09488
9,4,64,160,cudnn_nchw,0.349952,758.449,8.09488
9,4,64,160,cudnn_nhwc,1.54078,172.264,8.09488
9,4,128,40,custom,0.0133325,2488.48,8.01881
9,4,128,40,biasopt,0.0133837,2478.96,8.01881
9,4,128,40,db,0.0133706,2481.39,8.01881
9,4,128,40,cudnn_nchw,0.392397,84.5511,8.01881
9,4,128,40,cudnn_nhwc,0.0643552,515.539,8.01881
9,4,128,80,custom,0.0373638,3551.84,8.07955
9,4,128,80,biasopt,0.036393,3646.6,8.07955
9,4,128,80,db,0.0379085,3500.81,8.07955
9,4,128,80,cudnn_nchw,0.392079,338.478,8.07955
9,4,128,80,cudnn_nhwc,0.781567,169.8,8.07955
9,4,128,160,custom,0.117033,4535.83,8.09488
9,4,128,160,biasopt,0.118313,4486.76,8.09488
9,4,128,160,db,0.123453,4299.93,8.09488
9,4,128,160,cudnn_nchw,0.739267,718.065,8.09488
9,4,128,160,cudnn_nhwc,3.07183,172.809,8.09488
9,4,256,40,custom,0.0220058,3015.36,8.01881
9,4,256,40,biasopt,0.0220467,3009.75,8.01881
9,4,256,40,db,0.02304,2880,8.01881
9,4,256,40,cudnn_nchw,0.767488,86.4576,8.01881
9,4,256,40,cudnn_nhwc,0.124406,533.374,8.01881
9,4,256,80,custom,0.068055,3900.09,8.07955
9,4,256,80,biasopt,0.0684749,3876.18,8.07955
9,4,256,80,db,0.0713933,3717.73,8.07955
9,4,256,80,cudnn_nchw,0.770867,344.315,8.07955
9,4,256,80,cudnn_nhwc,1.48928,178.221,8.07955
9,4,256,160,custom,0.254423,4172.9,8.09488
9,4,256,160,biasopt,0.269476,3939.81,8.09488
9,4,256,160,db,0.279757,3795.02,8.09488
9,4,256,160,cudnn_nchw,1.52248,697.337,8.09488
9,4,256,160,cudnn_nhwc,6.01604,176.475,8.09488
9,8,32,40,custom,0.010384,1597.53,8.0592
9,8,32,40,biasopt,0.00990208,1675.28,8.0592
9,8,32,40,db,0.0108326,1531.37,8.0592
9,8,32,40,cudnn_nchw,0.112169,147.891,8.0592
9,8,32,40,cudnn_nhwc,0.0342323,484.595,8.0592
9,8,32,80,custom,0.0223334,2971.11,8.08976
9,8,32,80,biasopt,0.0223933,2963.17,8.08976
9,8,32,80,db,0.0235213,2821.07,8.08976
9,8,32,80,cudnn_nchw,0.112384,590.433,8.08976
9,8,32,80,cudnn_nhwc,0.38015,174.55,8.08976
9,8,32,160,custom,0.0624109,4252.8,8.09744
9,8,32,160,biasopt,0.0630886,4207.11,8.09744
9,8,32,160,db,0.0659629,4023.79,8.09744
9,8,32,160,cudnn_nchw,0.0731373,3629.08,8.09744
9,8,32,160,cudnn_nhwc,1.5112,175.636,8.09744
9,8,64,40,custom,0.0133414,2486.81,8.0592
9,8,64,40,biasopt,0.0133939,2477.06,8.0592
9,8,64,40,db,0.013353,2484.66,8.0592
9,8,64,40,cudnn_nchw,0.204349,162.357,8.0592
9,8,64,40,cudnn_nhwc,0.0639283,518.981,8.0592
9,8,64,80,custom,0.0375398,3535.19,8.08976
9,8,64,80,biasopt,0.0364237,3643.52,8.08976
9,8,64,80,db,0.037928,3499.01,8.08976
9,8,64,80,cudnn_nchw,0.205517,645.74,8.08976
9,8,64,80,cudnn_nhwc,0.765645,173.332,8.08976
9,8,64,160,custom,0.117084,4533.85,8.09744
9,8,64,160,biasopt,0.118955,4462.53,8.09744
9,8,64,160,db,0.129577,4096.73,8.09744
9,8,64,160,cudnn_nchw,0.153732,3453.04,8.09744
9,8,64,160,cudnn_nhwc,2.99319,177.35,8.09744
9,8,128,40,custom,0.0220451,3009.97,8.0592
9,8,128,40,biasopt,0.0220877,3004.17,8.0592
9,8,128,40,db,0.0230707,2876.17,8.0592
9,8,128,40,cudnn_nchw,0.389806,170.226,8.0592
9,8,128,40,cudnn_nhwc,0.124969,530.973,8.0592
9,8,128,80,custom,0.0678221,3913.49,8.08976
9,8,128,80,biasopt,0.0684032,3880.24,8.08976
9,8,128,80,db,0.0714752,3713.47,8.08976
9,8,128,80,cudnn_nchw,0.391567,677.842,8.08976
9,8,128,80,cudnn_nhwc,1.52429,174.128,8.08976
9,8,128,160,custom,0.252517,4204.4,8.09744
9,8,128,160,biasopt,0.268206,3958.46,8.09744
9,8,128,160,db,0.281487,3771.69,8.09744
9,8,128,160,cudnn_nchw,0.326685,3249.87,8.09744
9,8,128,160,cudnn_nhwc,6.07635,174.724,8.09744
9,8,256,40,custom,0.0396368,3348.16,8.0592
9,8,256,40,biasopt,0.0397824,3335.91,8.0592
9,8,256,40,db,0.041665,3185.18,8.0592
9,8,256,40,cudnn_nchw,0.761661,174.238,8.0592
9,8,256,40,cudnn_nhwc,0.216791,612.158,8.0592
9,8,256,80,custom,0.128983,4115.59,8.08976
9,8,256,80,biasopt,0.130253,4075.47,8.08976
9,8,256,80,db,0.13618,3898.08,8.08976
9,8,256,80,cudnn_nchw,0.763392,695.372,8.08976
9,8,256,80,cudnn_nhwc,2.94405,180.31,8.08976
9,8,256,160,custom,0.510534,4159.11,8.09744
9,8,256,160,biasopt,0.535643,3964.15,8.09744
9,8,256,160,db,0.551168,3852.49,8.09744
9,8,256,160,cudnn_nchw,0.621607,3415.93,8.09744
9,8,256,160,cudnn_nhwc,12.0251,176.577,8.09744
9,16,32,40,custom,0.013353,2484.66,8.07955
9,16,32,40,biasopt,0.0134144,2473.28,8.07955
9,16,32,40,db,0.0133834,2479.02,8.07955
9,16,32,40,cudnn_nchw,0.112847,294.006,8.07955
9,16,32,40,cudnn_nhwc,0.063927,518.992,8.07955
9,16,32,80,custom,0.0373974,3548.65,8.09488
9,16,32,80,biasopt,0.0365171,3634.2,8.09488
9,16,32,80,db,0.0379363,3498.24,8.09488
9,16,32,80,cudnn_nchw,0.165345,802.626,8.09488
9,16,32,80,cudnn_nhwc,0.751174,176.671,8.09488
9,16,32,160,custom,0.117053,4535.04,8.09872
9,16,32,160,biasopt,0.118384,4484.05,8.09872
9,16,32,160,db,0.13135,4041.44,8.09872
9,16,32,160,cudnn_nchw,0.152576,3479.19,8.09872
9,16,32,160,cudnn_nhwc,2.99539,177.219,8.09872
9,16,64,40,custom,0.0219933,3017.07,8.07955
9,16,64,40,biasopt,0.0220365,3011.15,8.07955
9,16,64,40,db,0.023048,2879,8.07955
9,16,64,40,cudnn_nchw,0.203428,326.185,8.07955
9,16,64,40,cudnn_nhwc,0.124078,534.786,8.07955
9,16,64,80,custom,0.0679629,3905.38,8.09488
9,16,64,80,biasopt,0.0685261,3873.28,8.09488
9,16,64,80,db,0.0714957,3712.4,8.09488
9,16,64,80,cudnn_nchw,0.339067,782.798,8.09488
9,16,64,80,cudnn_nhwc,1.49559,177.469,8.09488
9,16,64,160,custom,0.25258,4203.36,8.09872
9,16,64,160,biasopt,0.255519,4155.01,8.09872
9,16,64,160,db,0.265357,4000.96,8.09872
9,16,64,160,cudnn_nchw,0.322099,3296.14,8.09872
9,16,64,160,cudnn_nhwc,5.97776,177.605,8.09872
9,16,128,40,custom,0.0396202,3349.57,8.07955
9,16,128,40,biasopt,0.0397917,3335.13,8.07955
9,16,128,40,db,0.0416768,3184.28,8.07955
9,16,128,40,cudnn_nchw,0.390676,339.694,8.07955
9,16,128,40,cudnn_nhwc,0.218105,608.471,8.07955
9,16,128,80,custom,0.129229,4107.77,8.09488
9,16,128,80,biasopt,0.132516,4005.87,8.09488
9,16,128,80,db,0.142407,3727.63,8.09488
9,16,128,80,cudnn_nchw,0.707277,750.543,8.09488
9,16,128,80,cudnn_nhwc,3.0619,173.37,8.09488
9,16,128,160,custom,0.49579,4282.79,8.09872
9,16,128,160,biasopt,0.535975,3961.69,8.09872
9,16,128,160,db,0.551176,3852.43,8.09872
9,16,128,160,cudnn_nchw,0.625354,3395.46,8.09872
9,16,128,160,cudnn_nhwc,12.153,174.719,8.09872
9,16,256,40,custom,0.0745677,3559.46,8.07955
9,16,256,40,biasopt,0.075256,3526.91,8.07955
9,16,256,40,db,0.0787354,3371.05,8.07955
9,16,256,40,cudnn_nchw,0.761057,348.753,8.07955
9,16,256,40,cudnn_nhwc,0.401859,660.483,8.07955
9,16,256,80,custom,0.272916,3890.14,8.09488
9,16,256,80,biasopt,0.288717,3677.25,8.09488
9,16,256,80,db,0.301722,3518.75,8.09488
9,16,256,80,cudnn_nchw,1.49367,710.789,8.09488
9,16,256,80,cudnn_nhwc,5.87697,180.651,8.09488
9,16,256,160,custom,1.02608,4138.8,8.09872
9,16,256,160,biasopt,1.04327,4070.59,8.09872
9,16,256,160,db,1.08737,3905.5,8.09872
9,16,256,160,cudnn_nchw,1.21679,3490.12,8.09872
9,16,256,160,cudnn_nhwc,23.9994,176.951,8.09872
9,32,32,40,custom,0.0219853,3018.16,8.08976
9,32,32,40,biasopt,0.0220368,3011.11,8.08976
9,32,32,40,db,0.0229888,2886.41,8.08976
9,32,32,40,cudnn_nchw,0.112568,589.466,8.08976
9,32,32,40,cudnn_nhwc,0.124897,531.278,8.08976
9,32,32,80,custom,0.0679014,3908.91,8.09744
9,32,32,80,biasopt,0.0684643,3876.78,8.09744
9,32,32,80,db,0.0714138,3716.66,8.09744
9,32,32,80,cudnn_nchw,0.0722618,3673.05,8.09744
9,32,32,80,cudnn_nhwc,1.46704,180.922,8.09744
9,32,32,160,custom,0.254239,4175.93,8.09936
9,32,32,160,biasopt,0.270735,3921.48,8.09936
9,32,32,160,db,0.280443,3785.74,8.09936
9,32,32,160,cudnn_nchw,0.322652,3290.49,8.09936
9,32,32,160,cudnn_nhwc,5.97656,177.641,8.09936
9,32,64,40,custom,0.0396288,3348.84,8.08976
9,32,64,40,biasopt,0.0397901,3335.26,8.08976
9,32,64,40,db,0.0416768,3184.28,8.08976
9,32,64,40,cudnn_nchw,0.206008,644.199,8.08976
9,32,64,40,cudnn_nhwc,0.224092,592.214,8.08976
9,32,64,80,custom,0.129341,4104.19,8.09744
9,32,64,80,biasopt,0.130621,4063.97,8.09744
9,32,64,80,db,0.136255,3895.94,8.09744
9,32,64,80,cudnn_nchw,0.141189,3759.79,8.09744
9,32,64,80,cudnn_nhwc,2.93979,180.571,8.09744
9,32,64,160,custom,0.516844,4108.33,8.09936
9,32,64,160,biasopt,0.535603,3964.44,8.09936
9,32,64,160,db,0.54706,3881.41,8.09936
9,32,64,160,cudnn_nchw,0.620707,3420.89,8.09936
9,32,64,160,cudnn_nhwc,11.9389,177.853,8.09936
9,32,128,40,custom,0.074649,3555.59,8.08976
9,32,128,40,biasopt,0.0751894,3530.03,8.08976
9,32,128,40,db,0.0788288,3367.05,8.08976
9,32,128,40,cudnn_nchw,0.391475,678.002,8.08976
9,32,128,40,cudnn_nhwc,0.413143,642.443,8.08976
9,32,128,80,custom,0.275425,3854.7,8.09744
9,32,128,80,biasopt,0.291779,3638.66,8.09744
9,32,128,80,db,0.303473,3498.45,8.09744
9,32,128,80,cudnn_nchw,0.319937,3318.41,8.09744
9,32,128,80,cudnn_nhwc,6.10112,174.015,8.09744
9,32,128,160,custom,1.00995,4204.89,8.09936
9,32,128,160,biasopt,1.04644,4058.28,8.09936
9,32,128,160,db,1.08731,3905.72,8.09936
9,32,128,160,cudnn_nchw,1.22137,3477.02,8.09936
9,32,128,160,cudnn_nhwc,24.2773,174.926,8.09936
9,32,256,40,custom,0.141896,3741.07,8.08976
9,32,256,40,biasopt,0.14592,3637.9,8.08976
9,32,256,40,db,0.157192,3377.03,8.08976
9,32,256,40,cudnn_nchw,0.765532,693.428,8.08976
9,32,256,40,cudnn_nhwc,0.784189,676.93,8.08976
9,32,256,80,custom,0.551834,3847.84,8.09744
9,32,256,80,biasopt,0.572662,3707.89,8.09744
9,32,256,80,db,0.589128,3604.25,8.09744
9,32,256,80,cudnn_nchw,0.621251,3417.89,8.09744
9,32,256,80,cudnn_nhwc,11.7577,180.594,8.09744
9,32,256,160,custom,2.0618,4119.44,8.09936
9,32,256,160,biasopt,2.08337,4076.79,8.09936
9,32,256,160,db,2.1586,3934.71,8.09936
9,32,256,160,cudnn_nchw,2.47116,3437.04,8.09936
9,32,256,160,cudnn_nhwc,48.0423,176.791,8.09936
11,1,32,40,custom,0.014121,219.362,11.4097
11,1,32,40,biasopt,0.0134835,229.732,11.4097
11,1,32,40,db,0.0148979,207.922,11.4097
11,1,32,40,cudnn_nchw,0.113541,27.2817,11.4097
11,1,32,40,cudnn_nhwc,0.0449917,68.8483,11.4097
11,1,32,80,custom,0.0140288,883.212,11.9197
11,1,32,80,biasopt,0.013601,910.995,11.9197
11,1,32,80,db,0.0151757,816.464,11.9197
11,1,32,80,cudnn_nchw,0.111452,111.172,11.9197
11,1,32,80,cudnn_nhwc,0.0738637,167.747,11.9197
11,1,32,160,custom,0.0185037,2678.47,12.0544
11,1,32,160,biasopt,0.0186266,2660.8,12.0544
11,1,32,160,db,0.0201114,2464.36,12.0544
11,1,32,160,cudnn_nchw,0.111759,443.467,12.0544
11,1,32,160,cudnn_nhwc,0.282769,175.272,12.0544
11,1,64,40,custom,0.0141312,438.406,11.4097
11,1,64,40,biasopt,0.0135136,458.442,11.4097
11,1,64,40,db,0.0150323,412.125,11.4097
11,1,64,40,cudnn_nchw,0.204472,30.2985,11.4097
11,1,64,40,cudnn_nhwc,0.0450662,137.469,11.4097
11,1,64,80,custom,0.0140922,1758.48,11.9197
11,1,64,80,biasopt,0.0137133,1807.07,11.9197
11,1,64,80,db,0.015319,1617.65,11.9197
11,1,64,80,cudnn_nchw,0.203633,121.694,11.9197
11,1,64,80,cudnn_nhwc,0.137175,180.651,11.9197
11,1,64,160,custom,0.0313958,3157.21,12.0544
11,1,64,160,biasopt,0.031703,3126.61,12.0544
11,1,64,160,db,0.0335744,2952.34,12.0544
11,1,64,160,cudnn_nchw,0.205138,483.203,12.0544
11,1,64,160,cudnn_nhwc,0.554476,178.769,12.0544
11,1,128,40,custom,0.0142016,872.465,11.4097
11,1,128,40,biasopt,0.0136288,909.134,11.4097
11,1,128,40,db,0.015063,822.57,11.4097
11,1,128,40,cudnn_nchw,0.390461,31.7327,11.4097
11,1,128,40,cudnn_nhwc,0.0455168,272.216,11.4097
11,1,128,80,custom,0.0187699,2640.48,11.9197
11,1,128,80,biasopt,0.018903,2621.89,11.9197
11,1,128,80,db,0.0201011,2465.61,11.9197
11,1,128,80,cudnn_nchw,0.389427,127.268,11.9197
11,1,128,80,cudnn_nhwc,0.275487,179.906,11.9197
11,1,128,160,custom,0.0511002,3879.57,12.0544
11,1,128,160,biasopt,0.0516301,3839.75,12.0544
11,1,128,160,db,0.0541491,3661.12,12.0544
11,1,128,160,cudnn_nchw,0.387604,511.466,12.0544
11,1,128,160,cudnn_nhwc,1.12626,176.022,12.0544
11,1,256,40,custom,0.0143798,1723.3,11.4097
11,1,256,40,biasopt,0.0137216,1805.97,11.4097
11,1,256,40,db,0.0152474,1625.25,11.4097
11,1,256,40,cudnn_nchw,0.759634,32.622,11.4097
11,1,256,40,cudnn_nhwc,0.0459571,539.216,11.4097
11,1,256,80,custom,0.0318566,3111.54,11.9197
11,1,256,80,biasopt,0.0319693,3100.58,11.9197
11,1,256,80,db,0.0337613,2936,11.9197
11,1,256,80,cudnn_nchw,0.756183,131.084,11.9197
11,1,256,80,cudnn_nhwc,0.54144,183.073,11.9197
11,1,256,160,custom,0.0905318,4379.6,12.0544
11,1,256,160,biasopt,0.0915744,4329.73,12.0544
11,1,256,160,db,0.0958464,4136.75,12.0544
11,1,256,160,cudnn_nchw,0.761426,520.724,12.0544
11,1,256,160,cudnn_nhwc,2.16617,183.039,12.0544
11,2,32,40,custom,0.014232,435.301,11.7447
11,2,32,40,biasopt,0.013609,455.23,11.7447
11,2,32,40,db,0.0151037,410.178,11.7447
11,2,32,40,cudnn_nchw,0.113111,54.771,11.7447
11,2,32,40,cudnn_nhwc,0.0454349,136.353,11.7447
11,2,32,80,custom,0.0142314,1741.28,12.0092
11,2,32,80,biasopt,0.0137933,1796.58,12.0092
11,2,32,80,db,0.0153914,1610.05,12.0092
11,2,32,80,cudnn_nchw,0.112169,220.924,12.0092
11,2,32,80,cudnn_nhwc,0.13526,183.208,12.0092
11,2,32,160,custom,0.0314778,3148.99,12.0772
11,2,32,160,biasopt,0.0318157,3115.55,12.0772
11,2,32,160,db,0.0336666,2944.26,12.0772
11,2,32,160,cudnn_nchw,0.118323,837.733,12.0772
11,2,32,160,cudnn_nhwc,0.553114,179.209,12.0772
11,2,64,40,custom,0.0142541,869.253,11.7447
11,2,64,40,biasopt,0.0136806,905.689,11.7447
11,2,64,40,db,0.015104,820.339,11.7447
11,2,64,40,cudnn_nchw,0.204659,60.5417,11.7447
11,2,64,40,cudnn_nhwc,0.0453632,273.138,11.7447
11,2,64,80,custom,0.0187984,2636.48,12.0092
11,2,64,80,biasopt,0.0189248,2618.87,12.0092
11,2,64,80,db,0.0201322,2461.81,12.0092
11,2,64,80,cudnn_nchw,0.204544,242.303,12.0092
11,2,64,80,cudnn_nhwc,0.273234,181.389,12.0092
11,2,64,160,custom,0.0511274,3877.5,12.0772
11,2,64,160,biasopt,0.0516538,3837.99,12.0772
11,2,64,160,db,0.0541824,3658.87,12.0772
11,2,64,160,cudnn_nchw,0.23252,852.598,12.0772
11,2,64,160,cudnn_nhwc,1.09626,180.839,12.0772
11,2,128,40,custom,0.0143862,1722.53,11.7447
11,2,128,40,biasopt,0.0137491,1802.36,11.7447
11,2,128,40,db,0.0152371,1626.34,11.7447
11,2,128,40,cudnn_nchw,0.389898,63.5571,11.7447
11,2,128,40,cudnn_nhwc,0.0460784,537.796,11.7447
11,2,128,80,custom,0.0318771,3109.54,12.0092
11,2,128,80,biasopt,0.031991,3098.47,12.0092
11,2,128,80,db,0.0337398,2937.87,12.0092
11,2,128,80,cudnn_nchw,0.389284,254.63,12.0092
11,2,128,80,cudnn_nhwc,0.553431,179.107,12.0092
11,2,128,160,custom,0.0905523,4378.6,12.0772
11,2,128,160,biasopt,0.0915638,4330.23,12.0772
11,2,128,160,db,0.0961741,4122.66,12.0772
11,2,128,160,cudnn_nchw,0.462991,856.372,12.0772
11,2,128,160,cudnn_nhwc,2.18851,181.17,12.0772
11,2,256,40,custom,0.018911,2620.78,11.7447
11,2,256,40,biasopt,0.0189338,2617.63,11.7447
11,2,256,40,db,0.0187802,2639.04,11.7447
11,2,256,40,cudnn_nchw,0.760453,65.1738,11.7447
11,2,256,40,cudnn_nhwc,0.090119,549.957,11.7447
11,2,256,80,custom,0.0540362,3668.77,12.0092
11,2,256,80,biasopt,0.0526234,3767.27,12.0092
11,2,256,80,db,0.0550294,3602.55,12.0092
11,2,256,80,cudnn_nchw,0.760166,260.793,12.0092
11,2,256,80,cudnn_nhwc,1.05928,187.153,12.0092
11,2,256,160,custom,0.170291,4656.64,12.0772
11,2,256,160,biasopt,0.172353,4600.94,12.0772
11,2,256,160,db,0.180449,4394.51,12.0772
11,2,256,160,cudnn_nchw,1.06912,741.72,12.0772
11,2,256,160,cudnn_nhwc,4.23684,187.164,12.0772
11,4,32,40,custom,0.0141926,873.016,11.9197
11,4,32,40,biasopt,0.013609,910.459,11.9197
11,4,32,40,db,0.0150528,823.129,11.9197
11,4,32,40,cudnn_nchw,0.112671,109.97,11.9197
11,4,32,40,cudnn_nhwc,0.0454368,272.695,11.9197
11,4,32,80,custom,0.0187802,2639.04,12.0544
11,4,32,80,biasopt,0.0189427,2616.39,12.0544
11,4,32,80,db,0.0201114,2464.36,12.0544
11,4,32,80,cudnn_nchw,0.112108,442.09,12.0544
11,4,32,80,cudnn_nhwc,0.26718,185.499,12.0544
11,4,32,160,custom,0.0512176,3870.67,12.0886
11,4,32,160,biasopt,0.0517632,3829.87,12.0886
11,4,32,160,db,0.0542816,3652.18,12.0886
11,4,32,160,cudnn_nchw,0.232745,851.775,12.0886
11,4,32,160,cudnn_nhwc,1.09031,181.825,12.0886
11,4,64,40,custom,0.0143766,1723.69,11.9197
11,4,64,40,biasopt,0.0136902,1810.11,11.9197
11,4,64,40,db,0.015225,1627.64,11.9197
11,4,64,40,cudnn_nchw,0.203909,121.529,11.9197
11,4,64,40,cudnn_nhwc,0.0460112,538.582,11.9197
11,4,64,80,custom,0.0319664,3100.86,12.0544
11,4,64,80,biasopt,0.0320723,3090.62,12.0544
11,4,64,80,db,0.0338637,2927.12,12.0544
11,4,64,80,cudnn_nchw,0.204093,485.676,12.0544
11,4,64,80,cudnn_nhwc,0.535388,185.143,12.0544
11,4,64,160,custom,0.0906854,4372.18,12.0886
11,4,64,160,biasopt,0.091648,4326.26,12.0886
11,4,64,160,db,0.0958054,4138.52,12.0886
11,4,64,160,cudnn_nchw,0.486359,815.227,12.0886
11,4,64,160,cudnn_nhwc,2.15276,184.178,12.0886
11,4,128,40,custom,0.0189235,2619.05,11.9197
11,4,128,40,biasopt,0.018944,2616.22,11.9197
11,4,128,40,db,0.0187904,2637.6,11.9197
11,4,128,40,cudnn_nchw,0.390564,126.898,11.9197
11,4,128,40,cudnn_nhwc,0.0903366,548.632,11.9197
11,4,128,80,custom,0.053719,3690.43,12.0544
11,4,128,80,biasopt,0.0525414,3773.14,12.0544
11,4,128,80,db,0.0549274,3609.25,12.0544
11,4,128,80,cudnn_nchw,0.388895,509.769,12.0544
11,4,128,80,cudnn_nhwc,1.09042,181.808,12.0544
11,4,128,160,custom,0.170404,4653.57,12.0886
11,4,128,160,biasopt,0.17534,4522.57,12.0886
11,4,128,160,db,0.191467,4141.63,12.0886
11,4,128,160,cudnn_nchw,1.05405,752.319,12.0886
11,4,128,160,cudnn_nhwc,4.31575,183.742,12.0886
11,4,256,40,custom,0.031488,3147.97,11.9197
11,4,256,40,biasopt,0.0315494,3141.84,11.9197
11,4,256,40,db,0.0330358,3000.47,11.9197
11,4,256,40,cudnn_nchw,0.760289,130.376,11.9197
11,4,256,40,cudnn_nhwc,0.176467,561.709,11.9197
11,4,256,80,custom,0.099113,4000.41,12.0544
11,4,256,80,biasopt,0.0996557,3978.63,12.0544
11,4,256,80,db,0.104061,3810.19,12.0544
11,4,256,80,cudnn_nchw,0.760658,521.25,12.0544
11,4,256,80,cudnn_nhwc,2.08981,189.727,12.0544
11,4,256,160,custom,0.358574,4422.99,12.0886
11,4,256,160,biasopt,0.375296,4225.92,12.0886
11,4,256,160,db,0.400087,3964.07,12.0886
11,4,256,160,cudnn_nchw,2.14389,739.764,12.0886
11,4,256,160,cudnn_nhwc,8.50198,186.542,12.0886
11,8,32,40,custom,0.0143667,1724.88,12.0092
11,8,32,40,biasopt,0.0137216,1805.97,12.0092
11,8,32,40,db,0.0152064,1629.63,12.0092
11,8,32,40,cudnn_nchw,0.111677,221.896,12.0092
11,8,32,40,cudnn_nhwc,0.0461517,536.943,12.0092
11,8,32,80,custom,0.0319898,3098.59,12.0772
11,8,32,80,biasopt,0.032111,3086.89,12.0772
11,8,32,80,db,0.0338563,2927.76,12.0772
11,8,32,80,cudnn_nchw,0.118589,835.852,12.0772
11,8,32,80,cudnn_nhwc,0.528466,187.568,12.0772
11,8,32,160,custom,0.0905318,4379.6,12.0943
11,8,32,160,biasopt,0.0915584,4330.49,12.0943
11,8,32,160,db,0.096049,4128.03,12.0943
11,8,32,160,cudnn_nchw,0.105534,3757.02,12.0943
11,8,32,160,cudnn_nhwc,2.12911,186.225,12.0943
11,8,64,40,custom,0.0189222,2619.22,12.0092
11,8,64,40,biasopt,0.0189338,2617.63,12.0092
11,8,64,40,db,0.0188006,2636.17,12.0092
11,8,64,40,cudnn_nchw,0.203817,243.167,12.0092
11,8,64,40,cudnn_nhwc,0.0899482,551.002,12.0092
11,8,64,80,custom,0.0539238,3676.41,12.0772
11,8,64,80,biasopt,0.0526534,3765.12,12.0772
11,8,64,80,db,0.0550298,3602.53,12.0772
11,8,64,80,cudnn_nchw,0.232765,851.7,12.0772
11,8,64,80,cudnn_nhwc,1.08706,182.369,12.0772
11,8,64,160,custom,0.170351,4655.02,12.0943
11,8,64,160,biasopt,0.173435,4572.24,12.0943
11,8,64,160,db,0.19334,4101.5,12.0943
11,8,64,160,cudnn_nchw,0.219885,3606.36,12.0943
11,8,64,160,cudnn_nhwc,4.22714,187.594,12.0943
11,8,128,40,custom,0.031488,3147.97,12.0092
11,8,128,40,biasopt,0.0315187,3144.9,12.0092
11,8,128,40,db,0.032983,3005.28,12.0092
11,8,128,40,cudnn_nchw,0.390216,254.022,12.0092
11,8,128,40,cudnn_nhwc,0.177162,559.507,12.0092
11,8,128,80,custom,0.0991014,4000.88,12.0772
11,8,128,80,biasopt,0.0994816,3985.59,12.0772
11,8,128,80,db,0.103997,3812.52,12.0772
11,8,128,80,cudnn_nchw,0.475331,834.141,12.0772
11,8,128,80,cudnn_nhwc,2.13669,185.564,12.0772
11,8,128,160,custom,0.35842,4424.89,12.0943
11,8,128,160,biasopt,0.384808,4121.46,12.0943
11,8,128,160,db,0.39762,3988.66,12.0943
11,8,128,160,cudnn_nchw,0.438262,3618.78,12.0943
11,8,128,160,cudnn_nhwc,8.60292,184.353,12.0943
11,8,256,40,custom,0.0573338,3457.76,12.0092
11,8,256,40,biasopt,0.0575779,3443.1,12.0092
11,8,256,40,db,0.0604058,3281.91,12.0092
11,8,256,40,cudnn_nchw,0.758313,261.431,12.0092
11,8,256,40,cudnn_nhwc,0.307947,643.768,12.0092
11,8,256,80,custom,0.188908,4197.74,12.0772
11,8,256,80,biasopt,0.190884,4154.28,12.0772
11,8,256,80,db,0.203848,3890.09,12.0772
11,8,256,80,cudnn_nchw,1.02076,776.862,12.0772
11,8,256,80,cudnn_nhwc,4.1221,192.374,12.0772
11,8,256,160,custom,0.744765,4258.98,12.0943
11,8,256,160,biasopt,0.754207,4205.67,12.0943
11,8,256,160,db,0.77993,4066.96,12.0943
11,8,256,160,cudnn_nchw,0.859924,3688.63,12.0943
11,8,256,160,cudnn_nhwc,17.0489,186.05,12.0943
11,16,32,40,custom,0.018985,2610.57,12.0544
11,16,32,40,biasopt,0.0190054,2607.76,12.0544
11,16,32,40,db,0.0188416,2630.43,12.0544
11,16,32,40,cudnn_nchw,0.112568,440.28,12.0544
11,16,32,40,cudnn_nhwc,0.0902349,549.251,12.0544
11,16,32,80,custom,0.0536576,3694.66,12.0886
11,16,32,80,biasopt,0.052695,3762.15,12.0886
11,16,32,80,db,0.0550502,3601.19,12.0886
11,16,32,80,cudnn_nchw,0.232777,851.659,12.0886
11,16,32,80,cudnn_nhwc,1.08576,182.588,12.0886
11,16,32,160,custom,0.170598,4648.26,12.0971
11,16,32,160,biasopt,0.173844,4561.47,12.0971
11,16,32,160,db,0.181791,4362.08,12.0971
11,16,32,160,cudnn_nchw,0.204063,3885.98,12.0971
11,16,32,160,cudnn_nhwc,4.22588,187.65,12.0971
11,16,64,40,custom,0.0314877,3148,12.0544
11,16,64,40,biasopt,0.0315187,3144.9,12.0544
11,16,64,40,db,0.032983,3005.28,12.0544
11,16,64,40,cudnn_nchw,0.204411,484.921,12.0544
11,16,64,40,cudnn_nhwc,0.176771,560.745,12.0544
11,16,64,80,custom,0.0990816,4001.68,12.0886
11,16,64,80,biasopt,0.0996861,3977.41,12.0886
11,16,64,80,db,0.104081,3809.47,12.0886
11,16,64,80,cudnn_nchw,0.47234,839.422,12.0886
11,16,64,80,cudnn_nhwc,2.08871,189.826,12.0886
11,16,64,160,custom,0.363161,4367.13,12.0971
11,16,64,160,biasopt,0.38408,4129.28,12.0971
11,16,64,160,db,0.397926,3985.59,12.0971
11,16,64,160,cudnn_nchw,0.439202,3611.03,12.0971
11,16,64,160,cudnn_nhwc,8.44905,187.71,12.0971
11,16,128,40,custom,0.057344,3457.14,12.0544
11,16,128,40,biasopt,0.0576,3441.78,12.0544
11,16,128,40,db,0.060416,3281.36,12.0544
11,16,128,40,cudnn_nchw,0.389775,508.617,12.0544
11,16,128,40,cudnn_nhwc,0.309414,640.715,12.0544
11,16,128,80,custom,0.189071,4194.11,12.0886
11,16,128,80,biasopt,0.190943,4153,12.0886
11,16,128,80,db,0.199967,3965.59,12.0886
11,16,128,80,cudnn_nchw,1.03336,767.386,12.0886
11,16,128,80,cudnn_nhwc,4.24629,186.748,12.0886
11,16,128,160,custom,0.737546,4300.67,12.0971
11,16,128,160,biasopt,0.756081,4195.24,12.0971
11,16,128,160,db,0.780156,4065.78,12.0971
11,16,128,160,cudnn_nchw,0.863138,3674.89,12.0971
11,16,128,160,cudnn_nhwc,17.1697,184.741,12.0971
11,16,256,40,custom,0.109046,3636.02,12.0544
11,16,256,40,biasopt,0.109834,3609.92,12.0544
11,16,256,40,db,0.114873,3451.59,12.0544
11,16,256,40,cudnn_nchw,0.760556,521.32,12.0544
11,16,256,40,cudnn_nhwc,0.571747,693.476,12.0544
11,16,256,80,custom,0.39689,3995.99,12.0886
11,16,256,80,biasopt,0.41734,3800.19,12.0886
11,16,256,80,db,0.432958,3663.11,12.0886
11,16,256,80,cudnn_nchw,2.1425,740.242,12.0886
11,16,256,80,cudnn_nhwc,8.26462,191.899,12.0886
11,16,256,160,custom,1.47947,4287.96,12.0971
11,16,256,160,biasopt,1.49652,4239.08,12.0971
11,16,256,160,db,1.55667,4075.28,12.0971
11,16,256,160,cudnn_nchw,1.69021,3753.3,12.0971
11,16,256,160,cudnn_nhwc,34.0096,186.532,12.0971
11,32,32,40,custom,0.0315187,3144.9,12.0772
11,32,32,40,biasopt,0.0315597,3140.82,12.0772
11,32,32,40,db,0.0329626,3007.15,12.0772
11,32,32,40,cudnn_nchw,0.118589,835.852,12.0772
11,32,32,40,cudnn_nhwc,0.18222,543.976,12.0772
11,32,32,80,custom,0.099225,3995.9,12.0943
11,32,32,80,biasopt,0.0998093,3972.5,12.0943
11,32,32,80,db,0.104346,3799.8,12.0943
11,32,32,80,cudnn_nchw,0.101724,3897.73,12.0943
11,32,32,80,cudnn_nhwc,2.04499,193.885,12.0943
11,32,32,160,custom,0.366703,4324.95,12.0986
11,32,32,160,biasopt,0.382792,4143.17,12.0986
11,32,32,160,db,0.39982,3966.72,12.0986
11,32,32,160,cudnn_nchw,0.438096,3620.14,12.0986
11,32,32,160,cudnn_nhwc,8.46374,187.384,12.0986
11,32,64,40,custom,0.057344,3457.14,12.0772
11,32,64,40,biasopt,0.0576,3441.78,12.0772
11,32,64,40,db,0.060407,3281.84,12.0772
11,32,64,40,cudnn_nchw,0.234209,846.45,12.0772
11,32,64,40,cudnn_nhwc,0.34987,566.629,12.0772
11,32,64,80,custom,0.189215,4190.93,12.0943
11,32,64,80,biasopt,0.195523,4055.72,12.0943
11,32,64,80,db,0.212296,3735.29,12.0943
11,32,64,80,cudnn_nchw,0.212243,3736.21,12.0943
11,32,64,80,cudnn_nhwc,4.0983,193.491,12.0943
11,32,64,160,custom,0.720558,4402.06,12.0986
11,32,64,160,biasopt,0.761283,4166.58,12.0986
11,32,64,160,db,0.780667,4063.12,12.0986
11,32,64,160,cudnn_nchw,0.85334,3717.09,12.0986
11,32,64,160,cudnn_nhwc,16.9293,187.364,12.0986
11,32,128,40,custom,0.108952,3639.14,12.0772
11,32,128,40,biasopt,0.109814,3610.59,12.0772
11,32,128,40,db,0.114862,3451.9,12.0772
11,32,128,40,cudnn_nchw,0.487465,813.377,12.0772
11,32,128,40,cudnn_nhwc,0.621988,637.461,12.0772
11,32,128,80,custom,0.399194,3972.93,12.0943
11,32,128,80,biasopt,0.418364,3790.88,12.0943
11,32,128,80,db,0.432312,3668.58,12.0943
11,32,128,80,cudnn_nchw,0.432814,3664.32,12.0943
11,32,128,80,cudnn_nhwc,8.48925,186.821,12.0943
11,32,128,160,custom,1.47675,4295.84,12.0986
11,32,128,160,biasopt,1.50016,4228.8,12.0986
11,32,128,160,db,1.5574,4073.38,12.0986
11,32,128,160,cudnn_nchw,1.68892,3756.17,12.0986
11,32,128,160,cudnn_nhwc,34.46,184.094,12.0986
11,32,256,40,custom,0.208282,3807.28,12.0772
11,32,256,40,biasopt,0.218511,3629.04,12.0772
11,32,256,40,db,0.230482,3440.55,12.0772
11,32,256,40,cudnn_nchw,1.06163,746.95,12.0772
11,32,256,40,cudnn_nhwc,1.11925,708.496,12.0772
11,32,256,80,custom,0.782131,4055.51,12.0943
11,32,256,80,biasopt,0.822047,3858.59,12.0943
11,32,256,80,db,0.843224,3761.68,12.0943
11,32,256,80,cudnn_nchw,0.857877,3697.43,12.0943
11,32,256,80,cudnn_nhwc,16.4112,193.279,12.0943
11,32,256,160,custom,2.95626,4291.83,12.0986
11,32,256,160,biasopt,3.0034,4224.47,12.0986
11,32,256,160,db,3.21812,3942.6,12.0986
11,32,256,160,cudnn_nchw,3.44397,3684.06,12.0986
11,32,256,160,cudnn_nhwc,68.0999,186.311,12.0986
